image,severity,RG_corr,RB_corr,GB_corr
001,1.1135137334964385,0.06465548045566566,0.0436837566054983,0.04901677828330206
002,0.8724377105932243,0.029936591629616698,0.024862848919168127,0.031191752108427152
003,1.16995467006133,0.06130778858088076,0.07506693948476924,0.06619820361351603
004,0.471737131087787,0.15067986961364155,0.1498747126815888,0.15841667621606131
005,0.5231371923673289,0.046472727343196185,0.05741094051540344,0.07552664215708287
006,1.1946597749861965,0.0657811731925661,0.06281016512559223,0.05896683202605333
007,0.969696145888771,0.0528280413321567,0.049924164712449294,0.05818683834671057
008,0.8793171077611397,0.046125857405856494,0.05879685619583777,0.07331122380846845
009,1.0841185174832664,0.043954012488171476,0.04754550655484166,0.034607595923709135
010,1.1738716879172628,0.06837167262732141,0.06675647300855643,0.07253768165149246
011,1.061975610094688,0.09888172551586269,0.09076259398402986,0.10516070339762887
012,0.8166818912627493,0.11457927558844681,0.11841857736257863,0.11836679122110967
013,0.7432234920953111,0.19082027747918784,0.17663052407759267,0.18978405962490583
014,1.1415513659694982,0.06843175613186073,0.0735853143878964,0.09532496039281105
015,0.8649571204052556,0.08337043897285677,0.09807923809138981,0.08364319259812546
016,1.240633560271749,0.03915439260316311,0.02779661399209542,0.025158912991382003
017,0.8390743571501175,0.060790095183239044,0.06549262275413152,0.054733695729438606
018,1.213337794055492,0.06534942325703,0.06084168261879418,0.08120811475503888
019,0.8453061531634464,0.12093554588379435,0.14382830351962947,0.14018532576334392
020,0.7681281221950583,0.10023873100755946,0.09770345166807202,0.1061299084167254
021,1.043959870845047,0.08629233024965652,0.09956853552680886,0.1025956162835011
022,0.7632083179328683,0.15522670235612332,0.1550469813689027,0.1630695468292108
023,0.5237633020412751,0.3831150365375605,0.412985777394095,0.404439968106587
024,1.2171950449988873,0.048835413070756194,0.04507457507189471,0.06029735209886376
025,0.9397146638406906,0.042973176398360034,0.04461306199361535,0.04834208117414127
026,0.8499251462429648,0.02082991389911586,0.0332970486903769,0.02611839366927317
027,0.9078644367263634,0.08512459391141111,0.06705902896437177,0.0808929671413176
028,0.4742839165599703,0.4907163660398912,0.5081750859437796,0.5175844134710117
029,1.13558385827009,0.0905642639844758,0.08566612560272055,0.09603301667788292
030,0.7921288291691372,0.03172081146378226,0.027556099773152824,0.013405326705034516
031,0.9341179382804524,0.0404015597213327,0.043816905978011585,0.035958209585507356
032,0.8599499103779575,0.05681330581569411,0.052420532584101974,0.07069700521149305
033,1.246939019979685,0.09397289308050731,0.08363209076014709,0.0821141014694026
034,1.1420454716794235,0.07761122901163552,0.08747290875554649,0.08654351620159668
035,1.1926704625009776,0.06886945387083246,0.07851345547929149,0.08608989939638802
036,1.2315807374614651,0.04334427067686608,0.030859183008300487,0.0391050998287111
037,0.8724590208763536,0.04619911902819771,0.0490416874916113,0.054109218952507095
038,0.4933853413401734,0.27548649630288596,0.2769283586055107,0.2821081861008339
039,1.0633759046513638,0.034687995416583996,0.042195616225942506,0.035683150763424785
040,1.0810990786993138,0.07893616250318632,0.08735246173326151,0.08374999642732152
041,0.9047260248152852,0.05023141403440948,0.056907379129757185,0.06142623794182008
042,1.1306222303883908,0.058666397941995754,0.04500557777350113,0.05681326585796843
043,1.229648273286486,0.05168812886645307,0.04596046443274485,0.03892431539921769
044,1.1388862090534946,0.09682912605977154,0.10468311966813261,0.11741446460199567
045,0.7666932740152291,0.07709027120622448,0.05923503036075321,0.06904738861253534
046,1.1384001264497692,0.064055637303908,0.06532565990782188,0.06911644037768976
047,0.4906632677805814,0.16399482996062603,0.17223299812894058,0.18848185704671727
048,1.2106759809004162,0.04409770534861085,0.044886016643653985,0.057253854422978104
049,1.1339737147632225,0.05029644610413821,0.03613085849191144,0.06419284233642175
050,0.9236726877851004,0.08697214568789174,0.08746234710931897,0.09057780622005918
051,0.6004837934417665,0.13949576585670345,0.17541347265443558,0.1604508060154677
052,1.2535943046751092,0.053777580819375656,0.06573391649637406,0.05770999505765553
053,1.1752780911248304,0.03558501393634004,0.02941976088739032,0.04892159201496973
054,0.5900214479139739,0.13470926597468974,0.13857853646002577,0.13294551368262322
055,1.0379588008137726,0.06385630668828127,0.07704817928332569,0.09536602977443846
056,0.898528363404182,0.04949509388347403,0.04613815114180051,0.05504239536121729
057,1.208139322615564,0.07578870829156042,0.06925341054723366,0.07428518022206068
058,1.2349097985191304,0.07595100564820002,0.07261119576237506,0.08652246360881599
059,0.5107143526397243,0.13267968389259877,0.16501308488559324,0.16338409240188928
060,0.5813411350261203,0.11082361273506593,0.13213440668190937,0.12866049160159748
061,0.9407969334714568,0.02635663742546415,0.030290343370536488,0.029279504231878053
062,1.23633994945441,0.030238508362669763,0.04435145801106738,0.04810499090172881
063,1.1737789906789533,0.07952359530362099,0.0794834755176319,0.08087506891826302
064,0.9371091287196258,0.06572929147637062,0.0799011989954005,0.07247513311434947
065,1.1445324766981575,0.10363612657815814,0.09815347175595006,0.1108714074432438
066,0.8262537628303542,0.0946890164598148,0.06963210134816378,0.08504389742504304
067,0.6107341415313532,0.22938280604846628,0.27099481171504913,0.25618444679189123
068,1.0620458130138792,0.10463144618618005,0.1158486441537237,0.12172448789128872
069,1.24108525592909,0.06312461140914785,0.059658339323616576,0.05033506731253709
070,0.9142694104475144,0.039296863694622805,0.0279798200337069,0.04052216967927082
071,0.8472290912416631,0.11200089070859369,0.11635031562547635,0.12203463318505939
072,1.1470071480249582,0.09310062718848654,0.08991289638579483,0.08672896702097588
073,0.6201027273807035,0.17241892868794753,0.17041492704167693,0.18445614790541917
074,1.190443233685803,0.027550626117637148,0.02534861216523937,0.021671503905995444
075,1.1602031487780902,0.048209366675001315,0.03805055123627574,0.05068088538906163
076,0.5929433086281547,0.2673156941108228,0.2798253086264172,0.29320478968263647
077,1.2270554482878606,0.018099380372878848,0.03670465322108076,0.030008315873406403
078,0.5609834539588535,0.15838099897033478,0.20495908516285316,0.18303988292669643
079,0.9285042538760164,0.06361948666608058,0.08024256267237004,0.08783746903203453
080,1.102031239701893,0.11600892753287646,0.11723117843597204,0.10389687053568927
081,1.224621060466384,0.06277340557545197,0.04064652854396887,0.05443609809451564
082,1.081315066866462,0.028429161109970066,0.03880469900659896,0.028171219549553005
083,0.4921358703590843,0.1781126277371636,0.20152426723240213,0.2013052862848481
084,1.1355299569821675,0.044774518301778504,0.05700497849759985,0.0502800020764501
085,1.205135049282289,0.06422164417815421,0.06366059838958177,0.06963698340533617
086,1.18635117458766,0.06350396870416804,0.09234797047187603,0.07260390937605343
087,0.9579490488383416,0.028838100282231046,0.04674818617841984,0.036096021135971504
088,1.0834695886825372,0.05001300437017043,0.04466244036953724,0.05963735313950778
089,0.8188240693504951,0.11193368848099966,0.10953846072588425,0.12742629976518502
090,0.3793252854405926,0.20609892648797906,0.16395296968135054,0.1910624803127429
091,1.187512959802359,0.03134907723584198,0.03460998846428424,0.04246669133734037
092,0.8533095673524976,0.10577840639023411,0.10312019762298208,0.11978048483796948
093,1.1951535949495589,0.024561536367487168,0.03387425448469212,0.02472843408059147
094,1.18625777311656,0.04563027845188766,0.030041517102575646,0.05759947281142049
095,0.5398800617720868,0.3052332434109898,0.3123631221849025,0.3425664669773537
096,0.9705898097369612,0.02415704434605632,0.03093850454458237,0.0380728585155954
097,0.8716061853707274,0.033715288786892325,0.0412216956073623,0.030374518739694198
098,1.2147659107738993,0.01621229605185521,0.01860189189212824,0.013647609464240927
099,0.439266287974998,0.40591750204120874,0.393168866095534,0.43888425068495046
100,1.1049679376879251,0.059706841127198956,0.04781644801434556,0.06825801719437315
101,0.4693474897097721,0.17631701732244473,0.15338370672751567,0.17583982262013229
102,0.8915766254600701,0.04289233111403716,0.055243490455886335,0.05540070894032496
103,0.4264388199381202,0.4362367311056065,0.45639496588952444,0.4788394858142213
104,1.161049345208861,0.09455057367491218,0.100677890895912,0.0952351866353305
105,0.8423618426493493,0.05387166616344249,0.07113929233387124,0.07883597615432983
106,0.4709789209047453,0.2855319764003101,0.2754676791344041,0.27911400135750986
107,1.2274056915267566,0.044287460543907885,0.047481476345984125,0.06270850412297006
108,0.8691264623766993,0.03938719625395936,0.042555142805398946,0.05052169526323276
109,0.8748115262822712,0.04305675548559183,0.025651485383773404,0.02539136819984039
110,1.217194073290798,0.07398978602613292,0.0641418060346605,0.06916458080704035
111,1.2195408901349245,0.04533487226962589,0.05391707476094495,0.058701005934153755
112,1.1408850882957018,0.05915193105574365,0.07276184773218095,0.0826255140408246
113,0.5879714616850055,0.10904932023902922,0.15833702009387102,0.13445141105491715
114,0.4480927823173178,0.24854307564135608,0.2377009923724589,0.25288673320882876
115,0.8397226390195973,0.13556091840126133,0.1714615061158658,0.16054415294487615
116,0.9589157483049264,0.0251440995656036,0.04239037038406221,0.03769798787755461
117,1.1042246393635586,0.10145067350071102,0.0933504779860994,0.11312155066073698
118,0.9073223691832908,0.0535752476277544,0.05967696443463705,0.06150914307437825
119,0.8422912535189447,0.09736282219757737,0.10046276497207018,0.12435600332736392
120,1.2011294021736103,0.041740712610688,0.04357194459403423,0.056312603822333364
121,1.1315356591123398,0.05713202298321608,0.06277372980636439,0.05550604711569179
122,0.8116265328240008,0.17366967125170918,0.1655622352934613,0.18788437398602748
123,0.9063955814791226,0.05041029452227001,0.055376870360428036,0.05206689970072984
124,0.8971942404597181,0.04023329158007735,0.06661955769764238,0.04285649213324532
125,0.8370610606984351,0.05799725647293524,0.05867569550664603,0.049212247070987945
126,0.9062449252178524,0.09202299519622695,0.08355819975935605,0.0925204819559577
127,1.1481022440686903,0.12358556381766597,0.13483645899878852,0.1335862571399427
128,1.1796017164127373,0.03196371653157532,0.04116377086852074,0.03527322625439187
129,1.1222877509151068,0.05561874526545032,0.07096611795781128,0.054951540789102214
130,1.1660159907398493,0.04790207176421092,0.03856461447507943,0.049636293542997284
131,1.114557572049773,0.040927795620259874,0.03812484762107588,0.06138156882365839
132,1.076534754606134,0.054200674217148644,0.03957219176092534,0.05468754353333342
133,0.8848567890099763,0.11104876752359127,0.10502296495609066,0.11429200300324212
134,1.1669377095736295,0.06569529569920156,0.046525007128534815,0.0458796187449045
135,1.1530823102398569,0.03192870291261638,0.030389959184016203,0.03881414159691976
136,0.9100505635580984,0.10283291294621867,0.11084227683634239,0.12039845095383792
137,1.228814996328909,0.03688048908685026,0.020434136313650427,0.022782262485619858
138,1.127867272606929,0.06208394781326369,0.06908114065356703,0.05917601649482337
139,1.0781293774855822,0.10283372712445134,0.0955829541392656,0.11509005483299119
140,0.9535733608060616,0.06484540262847881,0.06943618451240578,0.06927095568107584
141,0.9236295392928098,0.03267121416801581,0.031021854135765938,0.031505143970846444
142,1.1972456537349856,0.0425765010775238,0.030450836101752626,0.038641897658539225
143,0.734708339088579,0.07804023847291648,0.0840381649037613,0.08096279986698143
144,0.805391122657412,0.07624595059569034,0.09519735990116512,0.0863449651897962
145,0.7088599766245179,0.11829119612630905,0.119203224859635,0.13203182191914686
146,0.9449790615071056,0.03787246817497813,0.040527856513312394,0.037811140310721476
147,0.8730086449612332,0.08563414517705356,0.07528257452747665,0.07736473346694003
148,0.8917063584030827,0.08658425741434425,0.10535608387906457,0.08897603534781556
149,0.4602984086763455,0.28808953239631674,0.3244737370588106,0.3222037887863142
150,1.1536612292538662,0.02682041878391286,0.039556547353353136,0.023514543343477877
151,0.500010721805474,0.5384492471170877,0.5340632140221324,0.533470137383914
152,1.2364336982652373,0.05029886661564509,0.037940159816689224,0.0500250870139035
153,0.8384285502012804,0.097291645186408,0.12468221251535573,0.12121071644724073
154,1.198542994603832,0.03207785703010547,0.039602583477541455,0.04349027126603537
155,1.0246066748716398,0.11491284932985285,0.08855588352860452,0.10337254382711732
156,1.2453809585712114,0.05969744267072872,0.05894824859679133,0.07623950992973699
157,0.8299840439141601,0.04728539301233316,0.05794887720161214,0.05749701206845763
158,0.9137432197311388,0.07258355781675001,0.06583888126171757,0.06481884355859394
159,0.9404761893460432,0.0880398157712163,0.07629226802317635,0.08679066882419462
160,0.8169362328038237,0.04514488383602984,0.0462733814259879,0.061585403524534295
161,1.1844240376429012,0.05945233517120667,0.057864407253517505,0.05661037044898513
162,0.9094057265483856,0.05041351506450458,0.04850398234986713,0.056152592030194196
163,1.1070479320465971,0.042702015125277576,0.03622024704359166,0.040556363015968454
164,1.1545332649081226,0.058477514450604985,0.043560044208211725,0.039396216475149584
165,0.442533699908324,0.2836894362030299,0.303578723187127,0.3046370300959338
166,1.1448733643800322,0.08113809224327179,0.07658321379158316,0.08726010967187826
167,1.0805257419771188,0.08028959216053602,0.06481052959975155,0.08124233654001607
168,1.1009979581608342,0.03217485632094517,0.020965584499655302,0.0305288239580256
169,1.2530329633313029,0.0748024728113162,0.06802668354125392,0.07996667401493829
170,0.7134492473678666,0.03947312236677055,0.04939150235680192,0.056891631556631704
171,1.1686397221659737,0.04433607711082396,0.03947903764502869,0.05723640301736336
172,1.063894557316749,0.09159249279213581,0.07470877417580556,0.09943333675514383
173,0.7827810643832493,0.10071717066930191,0.12570815831066257,0.12472583372356884
174,0.557401101866843,0.06973568752373559,0.05897875281408531,0.06937750921724968
175,0.8376238139495679,0.05072163481917901,0.0636946712882507,0.05780553587079526
176,0.4553655044736483,0.3865928693762705,0.38198483800514177,0.3853433660635974
177,1.2112735731222304,0.03636884163358231,0.0335676619713046,0.03671773432189203
178,0.8833570808092257,0.0761435117504948,0.10360597341652077,0.09746453465517839
179,0.8643504145368186,0.07354890790474139,0.055218441135708826,0.07141348427967326
180,1.099215020096888,0.0816880654686574,0.06874864037625839,0.0723467808379173
181,1.1904881823628988,0.06402378817312752,0.06128747016783562,0.07012221394502605
182,0.4726143285759356,0.31154689535212027,0.3179449596077336,0.3266004714685174
183,1.1926611187001095,0.011014517521225831,0.008518822997596882,0.021152016037988337
184,0.8327184568916745,0.038504231333167625,0.058509812975166206,0.0631081411784838
185,0.6893032889418917,0.13412928384115133,0.1399964950175054,0.15099769117907452
186,0.4064081877755677,0.3119310316966406,0.29854627922352495,0.3267443854469941
187,1.0992004647409586,0.05967336458382341,0.06795215863971234,0.05675883431639258
188,1.0703953352588478,0.17622731046999454,0.1562216441675325,0.17016444800483496
189,0.3948860766430009,0.3427489764516527,0.3350691836808443,0.31794918301713065
190,1.1260765913817423,0.06745709909883801,0.07300224697304099,0.06070574439081589
191,1.1906384036262505,0.039123425389152734,0.04593368348733265,0.05602082429187215
192,1.207758710139173,0.08635816353830152,0.08379607874993605,0.08544622223739849
193,0.4791505006178154,0.2679075306712304,0.3402296256512293,0.33435610540541655
194,0.8126969431107017,0.0810596151258123,0.07607654049162987,0.07882360871565333
195,1.2069527589211295,0.030142422463449822,0.05169145597211789,0.035270080940040915
196,0.4817800090364847,0.37454764962210146,0.4174567295301125,0.4034526127466954
197,1.2357696655793915,0.033343796636626,0.031692454336528675,0.052079351854441396
198,1.1351632935947698,0.08170428588206813,0.0783885733405982,0.0871586761278233
199,0.7756287343691161,0.052775733913784206,0.04908599504523649,0.05066280872906578
200,1.1665187914102289,0.06490252425588246,0.05990954974784692,0.0636047088536692
201,0.5020162539570988,0.26791245888316984,0.2544598315022064,0.2396336518014546
202,0.7702184706614006,0.12902512340322467,0.18317238242476477,0.16422492226792754
203,1.141737277667991,0.10062978618651679,0.08979912950133681,0.09832227158474872
204,0.7402300604131107,0.09439832002399542,0.09086438784719361,0.09884474791366044
205,1.107567460452047,0.04671064810957816,0.06734380516509203,0.05216161912897404
206,1.1818346049135513,0.08004967268011261,0.0709578739431903,0.0921036803758849
207,1.1461097631784538,0.08971535657309752,0.10075327008972519,0.11315170540855511
208,0.948530920629754,0.02142334718866235,0.04356301108968452,0.038552238927190195
209,1.0203926616430143,0.10299657809949157,0.08389339162041579,0.11573336247305448
210,0.799930128112285,0.21605880678417935,0.23086943853875502,0.21785845567659884
211,0.8088545543827286,0.13798955980062164,0.1506409359045785,0.17798207635899008
212,0.5308047820506455,0.24828964387352215,0.28790217224205655,0.29094498331295704
213,1.149118342239944,0.05546512670725295,0.04418331699516079,0.05750803347818855
214,0.6045346897324735,0.15518623778840662,0.16423200749430544,0.20654489829080136
215,0.8849518082423847,0.09710205793524579,0.0844751771370203,0.10717551479527368
216,1.1725941144389376,0.06104132604032527,0.05649558254662254,0.06102993208099371
217,0.8215465872460668,0.09140086549001497,0.08039741874865441,0.08062517888097862
218,0.9406117664383392,0.049525103286869675,0.054557955219319075,0.04981013138565206
219,0.9533026098906564,0.03694035608722069,0.055862127204156356,0.05200114099535494
220,1.1440814836855495,0.029606299679011235,0.016507266185885494,0.02688438777778295
221,0.4692684323730892,0.2255828947885016,0.20563930737446515,0.20101958250751287
222,0.9493127178254483,0.08272832741497024,0.07980117002875899,0.10537503352983958
223,1.1626408426592856,0.05877062173094095,0.06270362157524015,0.06974897728195027
224,0.8792297109202091,0.08850938860630463,0.08898068677807294,0.10190997247886313
225,1.0309713406920624,0.13018192565079667,0.11238682257647911,0.13172698048470818
226,1.0598960654114271,0.04437773338993055,0.033196813500436885,0.031460559536446664
227,1.0786180500064648,0.07621893107351708,0.07997205865290419,0.08427894242836104
228,0.9105476873365208,0.069719686451775,0.06963666700607478,0.058487475436997276
229,0.9304355015097304,0.030463663327474327,0.037896393103865576,0.026342367131349468
230,0.9642727640623872,0.0313651826182298,0.04551779558538896,0.039503138788929915
231,0.7607732470281346,0.12268910506845068,0.11879051580339871,0.1235413173237702
232,1.0550139719012803,0.044715315788272744,0.04343898666437321,0.055430103118277826
233,1.1777367174219897,0.07631640919886956,0.08122643909392104,0.07558635498155915
234,0.95145666471314,0.036481698833413644,0.023516219476762776,0.03872095491862608
235,0.834121336825246,0.07694649496728176,0.06759198968609806,0.07523304638927926
236,1.231128077823031,0.061124645664410684,0.06878782268561581,0.053470254137648415
237,0.7789789123281858,0.07582569201480165,0.093218406315588,0.10241594885084733
238,0.9037135665695286,0.0882434939443425,0.08355426687675703,0.07622369102195937
239,1.0508569183445255,0.1083112912711937,0.1032735055775264,0.11385827362706254
240,0.9009136008332572,0.06375073773546117,0.06979995545687323,0.06978293635420482
241,1.1434214162983976,0.05033017140612396,0.05812439181367497,0.054227891514912585
242,0.9257026760868012,0.0786438711456127,0.09987333570750062,0.09702812955337697
243,0.8652968281404169,0.07960044060271876,0.09786821788085509,0.08079447364829567
244,0.3196820385097267,0.4923561664835785,0.531210605522574,0.5267548271334037
245,1.188333539391302,0.07778957026702953,0.08988962848957029,0.0898500611014549
246,0.9040601530078668,0.0664590242395406,0.0776908740488531,0.08063094920509627
247,0.5836623018626741,0.09820870995856339,0.10110531113899522,0.10921897949657769
248,0.7545846036547154,0.07289644804398525,0.09556193239391972,0.08309252123591433
249,0.9418203493700398,0.04312220233347491,0.04020761928122657,0.028525371723521927
250,0.9514101208723112,0.13085508854136108,0.11512788402115896,0.12463715708316712
251,0.9555668207595271,0.051679254921155354,0.05265212675181907,0.05137460001992733
252,0.7499265225860248,0.06675195476681857,0.07334959225693931,0.06586356498207023
253,1.1617129157935149,0.04691165068612919,0.048590649813308455,0.05397029797068697
254,0.7769316237865264,0.10839377019871678,0.098976290917828,0.10973119751917339
255,0.8115905382148269,0.0961502347688176,0.09423426414722243,0.0969860964068315
256,1.190370838835325,0.050472477580006135,0.059758639511307436,0.08091203728095026
257,1.1151606054944392,0.03964932143267124,0.05038695885248529,0.03828040726727925
258,1.0455712694333856,0.09041771272726772,0.08697130792632121,0.08921833328037079
259,1.209697543240374,0.05318322332693606,0.04673548716804913,0.04312227996712251
260,1.2159779456123572,0.059615314753872925,0.05960012095569601,0.061048312359991024
261,0.8123946267141977,0.08189765192140534,0.07607282325650924,0.10039198800928872
262,1.0718844578812634,0.08420540062500266,0.09788067156901196,0.08781404821467002
263,1.1432142080246754,0.08888989452155577,0.09870085716126593,0.09116913168386986
264,1.1244929151845309,0.10502683159761106,0.09527619198139707,0.10235101240723314
265,0.7401985809757652,0.13388345646566935,0.13967299597079855,0.14133497377352142
266,1.1954325701312638,0.029911976199513683,0.01996016060304532,0.05087697894701485
267,1.0950357558564,0.06299877388116286,0.0516932700825803,0.07573210849371872
268,0.9712131760210724,0.02501392530546073,0.02814055233719066,0.036367644837449836
269,1.2118925020228128,0.044687350769228376,0.04566804190635974,0.04403364707673525
270,0.775736634132931,0.058582457424229836,0.059475183747344985,0.0777436211114628
271,1.1690746913988224,0.08699666601709025,0.08764709068952108,0.09246659177625571
272,1.16892265332639,0.07110962615837546,0.06897448356826663,0.0777664377710497
273,0.8099017480099807,0.055306716157342624,0.05278851533322554,0.051655362308153964
274,1.1563908534852745,0.07857578051790977,0.09186617815115512,0.10155757278050188
275,1.1640572538842502,0.06298132851042171,0.04457544802266668,0.0426551980462362
276,1.188679135487475,0.03198088886151936,0.046566717298017514,0.030790501363743842
277,1.1251963594698176,0.06857397706980721,0.04866094624693294,0.06109563061044189
278,0.8283272214146636,0.050337645982763496,0.052897403323158954,0.06978443360413825
279,0.9322808446630866,0.0848541621285788,0.08635703910949782,0.0954439647147592
280,0.5772775866604418,0.17621758512170654,0.19098636708248348,0.18374207158647382
281,0.7752176230981553,0.10336330157987349,0.11119922564346144,0.1013444816115043
282,0.4104254646056285,0.32815819034612487,0.3852123426677647,0.37994979215653585
283,1.2256464342886286,0.07420474449181906,0.058090035233433195,0.08858192017732845
284,0.8238361613177536,0.05892444442316085,0.06219490005260508,0.07271390940711227
285,0.7898010087300089,0.04850573754504637,0.057522382064548155,0.05375541917865837
286,1.0992389820389428,0.08428247048909636,0.08221378937093424,0.0976876829525615
287,0.7825068537739774,0.16267637356733755,0.1544915627610858,0.1664049790867741
288,1.2050370697860209,0.06114337223041228,0.06704704576819172,0.06147231779883925
289,1.1550276747175898,0.04744564377404971,0.05595989444074895,0.03712403049237894
290,0.9275185128237048,0.09249983007488755,0.077016557876915,0.08524340992262526
291,0.9588464362927074,0.04880050413725665,0.042498342263768515,0.06383148419598665
292,1.2265425678001292,0.025792927891204562,0.02855860032666976,0.02978743383052745
293,0.5257844078916248,0.4020842097757468,0.48282408166882884,0.4906991412342259
294,0.6155357445321922,0.14357913140633166,0.16493976823703524,0.17954085667050176
295,0.5740007227183187,0.21398050090283013,0.24196862309124437,0.2523282401837399
296,1.1238335364831098,0.07156044616509367,0.08978204007315414,0.09835412062169914
297,1.256820771566788,0.07273668666732444,0.062216038219721555,0.07584975487388278
298,0.4842160519973249,0.2522449634149751,0.28039060750939465,0.27932699134477895
299,1.1905951304622164,0.04400351413741285,0.0458898390997643,0.06057959490616465
300,0.8054687949657844,0.06928177164425908,0.08838784230903324,0.12017110612217524
301,0.797124003807342,0.1620886265731936,0.14904469150769586,0.179299586365919
302,0.8706697528080568,0.11095581020575804,0.1010740616497179,0.10976975306586019
303,0.927820761524522,0.029524212695988733,0.04323407285216531,0.040941327151034455
304,0.7368550552278488,0.056662810381957696,0.07093905507315959,0.05505288783040441
305,0.5970496761844891,0.05458653077198048,0.06462012490790572,0.06353433875729926
306,1.0715630379552807,0.046178462346169534,0.049318124369641544,0.05469514556494891
307,1.1637342100847836,0.03885350456185428,0.043853283713668714,0.05229816204253618
308,1.167822594996312,0.06489337755759349,0.06165330337166114,0.0579552656470091
309,1.24744997760682,0.07063313290628027,0.07615988370931034,0.05335519295602619
310,1.175104899930946,0.07111833969049511,0.0808093503007202,0.08351690784041263
311,0.8751261711070458,0.03001030630323361,0.02866339022440766,0.040483608236750505
312,0.9321960428414808,0.03796699317711471,0.058124942616644096,0.04255565542551172
313,0.7662445364673891,0.05698923690946156,0.062186253482298615,0.05746412963062731
314,1.2157931834562128,0.05171901665633256,0.05607341236925746,0.048694160585596495
315,0.7622193436554878,0.20897220849714365,0.20903383148391885,0.21967997429051167
316,0.8620190006769421,0.1690473086703668,0.17675648058539506,0.18432450123172994
317,1.1816063056026196,0.040676055030116294,0.03794908841610218,0.03843136884044389
318,0.7580718688542768,0.2038983965558898,0.20636152160822183,0.2515671486755215
319,1.114474045857734,0.03934712627713733,0.041120672969738634,0.06368883193090458
320,0.9469395305417908,0.03211248119932503,0.032917157584564746,0.029707420126187524
321,1.0882033814984164,0.11266589767386326,0.09895968235631067,0.11872156749462527
322,0.3861537607464159,0.25442091493921504,0.24660941524769298,0.2461966402323895
323,0.7662562857418683,0.044967748114041736,0.06985343114758394,0.07367320846309044
324,0.8527311683248125,0.07074913414617386,0.09371551000181186,0.09394635018865616
325,1.1708945479528736,0.03452405179829184,0.04807221813961959,0.03803271608249154
326,0.918080832028026,0.11812547007586151,0.12976072634246175,0.12224279428124046
327,1.233189757782179,0.044288061842955154,0.06402117338272913,0.04866160800756659
328,0.9120815985185246,0.03111418559907664,0.05646043885667718,0.0578512402432394
329,0.7934912768812993,0.11261074545041266,0.10930193282581573,0.12912811970169277
330,1.0838464948386195,0.05730522477565526,0.05053208849695002,0.0487769260828016
331,1.1988689715966352,0.041644471488004015,0.04141932907745783,0.046815664953065425
332,1.1613182763250898,0.039718355307947456,0.04069073758223924,0.044411810661121154
333,1.212908637207817,0.0716935565534747,0.05710524055983833,0.07567898065262847
334,1.1716045635553924,0.02865859327013221,0.02704253701147937,0.03199256442947368
335,1.0848962041100392,0.0752344670229286,0.058609118767007834,0.07279007044202766
336,1.2094610488215791,0.04985172195015061,0.05397998151414305,0.05193242309192326
337,1.1018976576045023,0.07440394488685333,0.0688444972308085,0.06837740781622778
338,0.8627852193685812,0.1443653692756385,0.15672101913037945,0.152554639242946
339,1.068798850549184,0.08665525110421636,0.06795171249960094,0.07824184527555869
340,1.1997293637341486,0.06733631366636876,0.07782065802361074,0.06586343262999084
341,1.2784830377273075,0.027986143780671206,0.05295122629228569,0.046477747275850495
342,1.1374701716333182,0.0691140182862669,0.07778978577867324,0.08211629106217043
343,0.8878006211910594,0.04932739863048203,0.061523527028008146,0.06591667858475361
344,0.918419075936551,0.10780651365272535,0.10420851523722673,0.11184832799081781
345,1.188355109472943,0.06919778933844466,0.06984898607416014,0.06001730951083707
346,0.7966094792596812,0.08897109508363252,0.08654152385888039,0.09502111147346058
347,0.8673841186011098,0.10735531392994327,0.107801550414982,0.1142133562707763
348,1.2023846338419812,0.0830903097582233,0.07367477964349164,0.0686039706209143
349,0.8176444700181217,0.07481422366564044,0.0655662865008644,0.0820066921128727
350,1.2092147455442968,0.07316861548900594,0.07770169677186882,0.08894800191822183
351,0.9689410485912624,0.03444919752087403,0.03276519560407776,0.04419598017631287
352,0.8664376005663773,0.10796161109207246,0.12158141138098237,0.12751795712262884
353,0.9741696774443852,0.06050149050067859,0.04381112991307888,0.0585331565000836
354,0.5993865429899761,0.07069128099861226,0.07855085943674385,0.0754151654488203
355,0.8982366323539719,0.03855233876621034,0.031862580307269836,0.035735955927371194
356,1.0297717057411415,0.061044989629147506,0.058895519194569305,0.06745451802984033
357,1.126802538029933,0.07472686872141854,0.07105631713160658,0.07572956482944684
358,0.8030619774076361,0.09964755280155843,0.10407823372660127,0.11535530190998554
359,1.090212252705958,0.05172812134979809,0.03690545010028424,0.023793122163966045
360,1.1964639858065256,0.08042343950868738,0.08774147031806105,0.07511498566071725
361,0.9301817204314816,0.08089516707771921,0.09074146282505309,0.10408862568859284
362,0.9098408792254704,0.058718394098827516,0.04967163379405372,0.06082688180186424
363,0.7697937644604541,0.08293432178826923,0.07228545882252373,0.08975332366897519
364,0.5471610301882295,0.21467168164448516,0.25377890695485406,0.23328352968492988
365,1.0898994144167709,0.03780488150522604,0.03298708981411862,0.029520492727174587
366,0.9178764746291356,0.04900985910480541,0.06272520533053574,0.06127876644803069
367,0.3670072487016423,0.5030783899884976,0.5202368776757591,0.5343310739362606
368,1.143709033933895,0.05925964674161887,0.0567677881798445,0.05658608185555583
369,1.0489325645371643,0.030362416051755218,0.03553060143732853,0.024900921472451425
370,0.9450132663062072,0.04461631972366105,0.04205975025075034,0.04413391028550856
371,1.2440393154198195,0.026572228693893713,0.028477128330248333,0.03602078791185251
372,0.8255087716553028,0.058477751370598775,0.043999906825814866,0.0444498577720368
373,1.2273225298802874,0.050161641472915436,0.05928971688598444,0.05625838334976313
374,0.9027948272083944,0.09020779580101314,0.09367013925993108,0.09886993878706685
375,0.7661151231093193,0.07864318924366091,0.09742474317114763,0.08897538690055083
376,1.210520832800149,0.07302251471187066,0.0847532160584152,0.09225554108056014
377,1.1471229461621115,0.020787119376388625,0.04599405265920098,0.02376499880992383
378,0.7661412823794649,0.08420056869162948,0.07268861101898617,0.07385722190539773
379,1.228000780280974,0.02091586845380791,0.02924976250949673,0.021974494117750033
380,1.153135161734424,0.07276444035852433,0.0656718454515688,0.0885849851681017
381,1.1555678823190376,0.060578331757897834,0.05643362391854871,0.052953886465139786
382,1.1438257364398907,0.10380177833845639,0.09415676021303519,0.1018287427330165
383,0.7400884185403891,0.07520158473232401,0.061685246479309015,0.08109522366846812
384,1.1419765655056575,0.08755702454355059,0.06628877602002284,0.09732361218464748
385,1.2601442515780692,0.07359640592894462,0.06290931175548635,0.09367393729760468
386,0.7946794999372014,0.04076235202465935,0.03513324620350517,0.0419942245947224
387,1.0452456880447336,0.08067271374959059,0.06062777725466072,0.06281340683866933
388,1.0288294296115197,0.08783426320213503,0.0712688314932697,0.08254454953367041
389,1.164163079351064,0.04262579303165019,0.034367282719124155,0.04928164451367374
390,1.158071768075289,0.05445250794982844,0.05221895653761307,0.06078549827994594
391,1.191140316020039,0.09280590849332407,0.09243134544267606,0.10609939152304905
392,0.8427248410031278,0.055517845759806644,0.04963798675854511,0.07643162993075336
393,1.2172303509377798,0.0401527983469566,0.04982916656127496,0.049368440291971884
394,1.190383110893272,0.023610349913300712,0.026022902809700356,0.02711978692967334
395,1.096358403493614,0.08920561030940721,0.08968768813978101,0.10820072281566695
396,0.7285715010509847,0.17334650736873622,0.17674128544041307,0.20877616599910004
397,1.2176454981772362,0.08455630549340856,0.0755366692104737,0.08023189108140087
398,0.9041244123351068,0.09283277326803857,0.0969265084806725,0.11392214599353483
399,1.0978700743174672,0.10742799945418953,0.10947438967128453,0.09871422434987788
400,1.2166362120956875,0.05798018061444835,0.06876429768629785,0.07406949245397593
401,0.899427608597221,0.023011827918732335,0.030319715100061213,0.02587151763239088
402,0.7899136768608264,0.10656413111611171,0.10524262392905187,0.12765352726482934
403,0.5895020349679032,0.13003960448591928,0.15300523262423774,0.14104730642556962
404,0.814384497979689,0.08332070585230146,0.0678622603253461,0.07592068363168843
405,1.1472804171175548,0.07884915729590267,0.08491160379503357,0.09024619926567752
406,0.7648148226490711,0.11196479480751627,0.11564320936563466,0.13856276531335437
407,0.9473479941393697,0.02234096283636375,0.02331158016558915,0.04199684679374414
408,0.7318365428859214,0.24943653644681604,0.24406774963258318,0.2599122421119931
409,1.1274276349770131,0.032401809160582946,0.03779976595130367,0.038069351951358806
410,0.4880098336252365,0.14947099038244435,0.1784606812898099,0.16160718787484735
411,0.8378022358957878,0.05750250289589433,0.05849454088863352,0.059513654894928936
412,1.2467288719049987,0.06604742803386952,0.05211077447782172,0.060177206562730505
413,0.7890525947223557,0.19537167781891782,0.1738360962245062,0.17468342154566316
414,0.9627750076813693,0.04996405147180374,0.04091103097016782,0.040724117350444594
415,1.1557802820624057,0.06407822491492456,0.0724425899644633,0.08894898934384249
416,1.2182486986470695,0.05171656989719807,0.056887783817171966,0.06409787708885883
417,1.10518492529698,0.05216283779824401,0.04141445969842069,0.06359710364687242
418,1.196014401678351,0.029905708109142524,0.04501129952044179,0.030135951503589928
419,1.17683879271722,0.11916824332488275,0.12285645825965291,0.12166119528077525
420,0.7283307386991055,0.1535228878080579,0.14026512493004306,0.17639291615618205
421,0.4470104368094571,0.5106983458613429,0.4791385817225297,0.5219099510479611
422,1.1176976159984515,0.04246269119607665,0.04651065543185435,0.03679708065829532
423,0.8401719888201877,0.12286524007696394,0.13571678835818934,0.13377126790980806
424,0.8190708964588914,0.016131283853328723,0.018188867182359483,0.03081003849928855
425,1.0606553760091264,0.13865689992431504,0.12759202501513117,0.13589681390924646
426,0.5648615824371019,0.13903942960989896,0.1647179578651614,0.15171469040611127
427,0.3903535853061237,0.12449897824900069,0.12565955049102817,0.12693476465848114
428,0.8700753957789182,0.05798091999753283,0.05636372153654701,0.06565572610586015
429,1.1713022006710554,0.055179985449353985,0.04424768992380914,0.057980394929833916
430,0.8929079387363344,0.12467173667675034,0.1243941220848619,0.12390314643103027
431,0.777022514047051,0.08952867976044317,0.0970948035717845,0.1080157148801088
432,1.2202155007486133,0.04927662332750302,0.04488556531144565,0.048243088627070094
433,0.779082661397217,0.06213019563899717,0.06832812034540624,0.09021669701631674
434,0.9517285360109896,0.04904033965842327,0.059431475481046256,0.06489510150714774
435,1.2159886240801536,0.05067490807929959,0.04141369402060223,0.04713125870458643
436,1.124444781133376,0.06867422103000284,0.07281182264409645,0.06875259065436413
437,1.2452827437735223,0.04633822457167899,0.04779834740770958,0.04118554609770927
438,1.2418364426320838,0.052071171914759934,0.05647305188803259,0.06909996276019287
439,0.8124322538692398,0.18641555631952095,0.20209942227071168,0.1979780746005188
440,1.2336598709713509,0.041536372903057305,0.05498029761655756,0.056346650645506306
441,0.8431649113191867,0.09219758695666093,0.07410049315375275,0.0870360548413786
442,1.1728066595700748,0.04635246090047363,0.029740160850949503,0.04362812253649751
443,1.1869002251413685,0.04169841727204579,0.03706307462159018,0.02710762126268663
444,1.1326013114868805,0.029550204120980444,0.049307095165405615,0.030232656435304123
445,0.8172886095230174,0.12442273165932213,0.13052825667922963,0.14424587902455946
446,1.2584076283404908,0.03585014089350407,0.034301180812864845,0.037133623838361204
447,1.1623722391654423,0.09805358485248135,0.06943494999820789,0.10520300282417806
448,0.8603311440903787,0.07566195441467677,0.06106373106511019,0.062245713336701515
449,1.1070152654774903,0.08463850521680427,0.06521757940370056,0.07824368090054873
450,1.2419856179232909,0.037166728946247195,0.036816885771426,0.04569757060057764
451,0.7400728090131812,0.02569379957311152,0.03803056831125485,0.03651420171487494
452,1.0466711314920751,0.08683987426748425,0.0799071104525265,0.08897338512148044
453,1.138672884155706,0.052250285431030725,0.04575158272671227,0.05889687233377102
454,1.1414446373711822,0.06563517601449284,0.0716935664709965,0.09179504944301749
455,0.9363571972543472,0.0298563257186801,0.033582363253856086,0.02159495550071625
456,0.9097730485165147,0.04811091585461854,0.04399807033296167,0.053276530510133674
457,1.1887412781354638,0.05458533845050258,0.07153765736253306,0.05397501602183414
458,0.6338700537661737,0.04189536234281427,0.03802165570633667,0.054525904365178915
459,1.2395905050123073,0.022836164613453693,0.04014020027800295,0.04631746073398022
460,0.87659256225831,0.051150071154503624,0.03253233799428112,0.07032928859051144
