image,noisy_psnr,denoised_psnr,delta_psnr,noisy_ssim,denoised_ssim,delta_ssim,runtime_seconds
001,17.577934142256325,22.613751208784876,5.035817066528551,0.5714318390230095,0.7833074489335924,0.21187560991058285,0.2108133000001544
002,19.543119138577225,23.532937682756774,3.989818544179549,0.7600134944421425,0.8821192273754952,0.1221057329333527,0.18717990000732243
003,17.88042078954905,24.261466169779005,6.381045380229956,0.4156812568891928,0.7357300888911054,0.3200488320019126,0.18969739999738522
004,25.42267015215681,29.846129619992553,4.423459467835741,0.8208355024837161,0.9326904406209446,0.11185493813722858,0.1873137999937171
005,23.981520436476792,27.968922416004197,3.987401979527405,0.8041645118466366,0.9121018100327808,0.10793729818614417,0.20593480000388809
006,17.789809590871258,24.306578385693165,6.516768794821907,0.3305522214094213,0.6889124445853687,0.3583602231759474,0.24073269999644253
007,19.84917258148847,24.485557074309554,4.636384492821083,0.42661815287832144,0.7180644860241131,0.29144633314579166,0.188068999996176
008,20.70685953897303,32.55666679925393,11.849807260280901,0.12566028032134124,0.864871341624605,0.7392110613032638,0.18717950000427663
009,17.97132214012815,23.265288954646593,5.293966814518441,0.3566871729229171,0.6516842404360011,0.2949970675130841,0.20730100000218954
010,18.054688904867838,23.075924576645846,5.021235671778008,0.5032217686660143,0.7404141095608705,0.2371923408948562,0.19319890000042506
011,18.991333391413818,23.798479942032642,4.807146550618825,0.48619453441064914,0.7233809684229152,0.23718643401226608,0.18940309999743477
012,21.23386542135542,25.84353883474824,4.609673413392819,0.6331501300835788,0.8362553801683315,0.20310525008475266,0.1852733999985503
013,23.52229896462103,26.349199321249092,2.8269003566280624,0.5599980143396598,0.6979391753348724,0.13794116099521259,0.18590939999558032
014,19.7374160051278,26.201164099621572,6.4637480944937735,0.3288337653799611,0.7013383100857894,0.3725045447058283,0.2089172999985749
015,21.38611552985482,27.33803429628152,5.951918766426701,0.4514585475698804,0.7582319570349462,0.30677340946506576,0.18988059999537654
016,15.581311708180184,23.246948574029588,7.665636865849404,0.23563093833755622,0.5611279732294425,0.3254970348918863,0.1845742000004975
017,20.119751402778967,22.305271955039338,2.185520552260371,0.7669046579945528,0.8370419621337092,0.07013730413915642,0.1856133000110276
018,17.358118541516745,23.32707698796809,5.968958446451346,0.36837533254794913,0.6779843053827982,0.30960897283484906,0.18557899999723304
019,22.115949197802358,25.64760234134446,3.5316531435421012,0.5357665395341781,0.7472957573951744,0.21152921786099632,0.19021380000049248
020,20.397135907028602,25.442891356069953,5.045755449041351,0.5751301437566649,0.796570240306656,0.22144009654999108,0.19162459998915438
021,19.72066906650826,24.141913148078793,4.421244081570531,0.49037860142397943,0.7365634682427906,0.2461848668188112,0.19211829999403562
022,22.59874298241455,26.938224429191685,4.339481446777135,0.5738650919832188,0.795005746846614,0.22114065486339518,0.18660870000894647
023,26.983598815685795,29.205824232178877,2.2222254164930817,0.7653056622114,0.8667872226203276,0.10148156040892764,0.18859320000046864
024,16.768288849213498,21.483513439413365,4.715224590199867,0.617417307489985,0.8034642739472176,0.18604696645723262,0.19430040000588633
025,19.192194022027785,22.643662250806038,3.4514682287782534,0.5974570822328802,0.7436890349829787,0.14623195275009848,0.1999163000000408
026,19.21467652899465,23.33162798357236,4.116951454577709,0.7803398234143298,0.8916490564449563,0.11130923303062645,0.18432250000478234
027,21.103138905128777,26.971411085846533,5.8682721807177565,0.42639275304547514,0.7666929771273162,0.3403002240818411,0.187812500007567
028,28.164959060314885,30.315679131291606,2.150720070976721,0.8202342308581957,0.9036166460672588,0.08338241520906309,0.18807969999033958
029,19.586958484610506,23.704764265881163,4.117805781270658,0.3489010973842935,0.5834479070695336,0.23454680968524017,0.18409660000179429
030,20.032258134524774,31.812057125922543,11.779798991397769,0.09989556669317474,0.9072885232858141,0.8073929565926393,0.18750280000676867
031,19.13127398508054,24.707241804826516,5.575967819745976,0.5689317999094503,0.8115270939102345,0.24259529400078417,0.18809399999736343
032,20.19941464237324,25.53556547035238,5.336150827979139,0.6838636165786404,0.8761448226141813,0.19228120603554089,0.18803040000784677
033,18.465644217097424,22.966023145150846,4.500378928053422,0.35049078552514573,0.5964147107884877,0.245923925263342,0.19440249999752268
034,19.490536126656043,25.858990985010127,6.3684548583540845,0.25344540995858694,0.6935807275343658,0.4401353175757789,0.18914699999731965
035,18.414076272112087,22.294181254709272,3.880104982597185,0.5059368530848795,0.7104730171389774,0.2045361640540979,0.1866885000054026
036,16.05025988581926,23.228074996819984,7.177815111000726,0.22021349952758093,0.540521142895262,0.320307643367681,0.1901415000029374
037,19.382120400575083,29.47144815161805,10.089327751042966,0.24006675368306044,0.7704968117202773,0.5304300580372169,0.19188549999671523
038,26.425640363957285,30.209867574823697,3.784227210866412,0.7554125106383734,0.8986999538396651,0.1432874432012916,0.19567230000393465
039,17.47563994091067,23.79113311079486,6.3154931698841885,0.4438505792926926,0.7434327792554037,0.2995821999627111,0.19074360000377055
040,18.236726941308397,23.096504978106044,4.859778036797646,0.48057499874538845,0.7091157216157903,0.22854072287040184,0.21779359999345616
041,19.924826733007887,24.47044601726634,4.5456192842584535,0.5337743782362496,0.7495514889500314,0.2157771107137818,0.2046466000028886
042,17.72874310063402,24.426199469387804,6.697456368753784,0.3814195766152168,0.7265359026413343,0.34511632602611747,0.19140619999961928
043,16.133198002327113,21.527084160179566,5.393886157852453,0.5375335920897378,0.76559347840939,0.22805988631965213,0.1898770000116201
044,19.446055362204063,24.207180466471417,4.761125104267354,0.4062071804600615,0.6789887399448838,0.27278155948482236,0.19830350000120234
045,20.64792518896612,23.16700314004801,2.51907795108189,0.8028112837145848,0.8675017771668542,0.0646904934522694,0.19059570001263637
046,18.170655644255465,22.90973649142994,4.739080847174474,0.4928014252059633,0.6882726434494955,0.19547121824353214,0.193773399994825
047,24.830451736080896,30.025542252782923,5.195090516702027,0.8279599121258728,0.9415675663231924,0.11360765419731955,0.18958419999398757
048,18.40240839569249,26.462626689565422,8.060218293872932,0.24177405549413242,0.7151218382484655,0.4733477827543331,0.18680170000880025
049,17.01163311200222,24.81472150910198,7.80308839709976,0.12794870931229188,0.5569393879154058,0.4289906786031139,0.1858941000100458
050,20.522352674014428,26.098872689020077,5.576520015005649,0.5608599779350105,0.818800359765199,0.2579403818301885,0.1887606000091182
051,24.74801870054165,30.12614507811319,5.37812637757154,0.6623315898041802,0.8729363626568017,0.21060477285262158,0.18562350000138395
052,16.994015885767656,22.76794004923658,5.773924163468923,0.4294824330140418,0.7008250797978653,0.2713426467838235,0.1847049999923911
053,17.07547945184705,21.151157202640462,4.075677750793414,0.6075061715795836,0.7493405077894666,0.14183433620988295,0.18468240000947844
054,22.9623898370536,28.700241172287843,5.737851335234243,0.5356786856449359,0.7783331978739914,0.24265451222905543,0.19178999999712687
055,19.13983763255576,22.78558152397857,3.6457438914228106,0.5739714251676262,0.7326300204529866,0.15865859528536042,0.18619500000204425
056,19.002165090233675,23.814405507591275,4.8122404173576,0.6507278233133209,0.8283405851735521,0.17761276186023123,0.18866610000259243
057,18.528555574570515,24.00876215865937,5.4802065840888545,0.3754675372245906,0.6484327293650316,0.272965192140441,0.18860000000859145
058,17.088604039912703,21.450009336408996,4.361405296496294,0.5652102616029663,0.7370646432658986,0.17185438166293232,0.18480380000255536
059,25.008895378401093,30.688384077416593,5.679488699015501,0.6034593900709143,0.8601158099578062,0.2566564198868919,0.18628609999723267
060,23.42360786630763,29.080136005146223,5.656528138838592,0.7571857949655479,0.9153926315166226,0.1582068365510747,0.18956830000388436
061,18.30004279954806,21.499876153287943,3.1998333537398835,0.6998395561462137,0.7880047366642889,0.0881651805180752,0.18632999999681488
062,16.35953428880488,19.832019385173556,3.4724850963686755,0.6712726981281096,0.7811122871022135,0.10983958897410384,0.19070700000156648
063,17.750737029378072,21.70240915370639,3.9516721243283186,0.4733385466340747,0.7063963441237942,0.23305779748971944,0.18631859999732114
064,19.152362564214034,25.223671426071675,6.071308861857641,0.563499713984386,0.8190371628154841,0.2555374488310981,0.18626859999494627
065,18.14604907144356,22.895352371425464,4.749303299981904,0.41293699700781006,0.6158243945790803,0.20288739757127028,0.1901854000025196
066,20.26123336966213,25.772308617192014,5.5110752475298845,0.4683874398384971,0.7412100583472242,0.2728226185087271,0.1911402999976417
067,25.975027891633957,29.59742990009611,3.622402008462153,0.7067137899600469,0.8615844321992228,0.1548706422391759,0.1945209999976214
068,21.507092306121216,27.04608119534511,5.538988889223894,0.3601656193597093,0.6946856314840066,0.33452001212429733,0.19629059999715537
069,17.135443853642023,22.00034066446166,4.864896810819637,0.45177353705638595,0.6987652817992235,0.24699174474283753,0.18467020000389311
070,18.80082128401203,26.917618845698396,8.116797561686365,0.2896711734727509,0.6900290771495512,0.4003579036768003,0.18561570000019856
071,21.739921018160228,25.61803901019517,3.878117992034941,0.594383494830955,0.7975233492301145,0.2031398543991595,0.18925900000613183
072,18.736805511006988,22.25673970307082,3.5199341920638325,0.5882867323111051,0.7367744858518216,0.14848775354071653,0.1865335999900708
073,23.057136946798813,25.975292580532393,2.91815563373358,0.7654953448804669,0.8494412290356169,0.08394588415515003,0.18699819999164902
074,15.445788537198942,23.50599010295216,8.06020156575322,0.12221930635834351,0.4246844425706229,0.3024651362122794,0.1882198000093922
075,17.681679147891,25.37750524814307,7.69582610025207,0.2831597133291454,0.6783244538048466,0.3951647404757012,0.1883998999983305
076,25.26008036300173,28.081964027468015,2.8218836644662844,0.7993278190760557,0.8952678009935019,0.09593998191744624,0.18838219999452122
077,16.714998584365947,25.594633616969155,8.879635032603208,0.16702963607412782,0.5824540302292932,0.4154243941551654,0.18975459999637678
078,24.036638205187852,29.036898653215275,5.000260448027422,0.5671905245739634,0.8110555525363082,0.24386502796234488,0.18937959999311715
079,20.294278545610883,24.42655246943458,4.132273923823696,0.5528751990372386,0.762831350624278,0.2099561515870394,0.18611070000042673
080,19.944192619497876,24.11154048100888,4.167347861511004,0.5218578364387186,0.7058892382995247,0.18403140186080602,0.1859753000026103
081,16.691973549887578,22.157209208611555,5.4652356587239765,0.4223193457003378,0.6928071052767625,0.2704877595764247,0.18766100000357255
082,17.01046393143564,24.809372343761858,7.798908412326217,0.20543598533687932,0.5636899902340405,0.3582540048971612,0.18745780001336243
083,25.416445403180703,29.010426807870104,3.5939814046894014,0.7934296806062223,0.9083667340879412,0.1149370534817189,0.18912809999892488
084,17.27701945595094,22.34063700121763,5.063617545266691,0.4582442624536361,0.7021577188211925,0.2439134563675564,0.18507820001104847
085,17.739443581672198,21.735368712158433,3.995925130486235,0.545038189105096,0.6914847671345644,0.14644657802946837,0.18631900000036694
086,18.06223871104823,22.330988840307498,4.268750129259267,0.47979284559792285,0.6989212694759033,0.21912842387798043,0.18777910000062548
087,18.470219006908955,21.867965855174525,3.3977468482655695,0.6874463680779432,0.7898419110097826,0.10239554293183939,0.18584600000758655
088,17.612642261617122,24.004763138105996,6.392120876488875,0.3925076641435777,0.6663578926092253,0.2738502284656476,0.18660230000386946
089,22.1265832266735,25.74426225637328,3.6176790296997794,0.5205151452584883,0.7335487902761644,0.21303364501767608,0.1948082000017166
090,27.263670441698565,30.425274079005437,3.1616036373068717,0.9179422303074074,0.9589176337406453,0.04097540343323791,0.1847388000023784
091,16.967471380101436,22.00362477211324,5.036153392011805,0.4418846140434403,0.6919124481657611,0.2500278341223208,0.18535279999196064
092,21.144990247967897,26.38092861787412,5.235938369906222,0.6222378394983251,0.8369336257782622,0.21469578627993713,0.18856090000190306
093,15.788282325274771,23.44525581540268,7.6569734901279105,0.25393845854621366,0.5834830054502076,0.32954454690399393,0.18875240000488702
094,16.94314163191057,21.902574433740725,4.959432801830154,0.4817134157254812,0.674094764068461,0.19238134834297982,0.18558400000620168
095,26.832505231837658,30.138626485866936,3.3061212540292786,0.7864539330908192,0.8988854668823159,0.11243153379149662,0.1849381999927573
096,17.368850315559946,26.032902603345057,8.664052287785111,0.20883374292610343,0.5871087879947904,0.3782750450686869,0.1842999999935273
097,19.18617557197891,32.32200003645694,13.13582446447803,0.09704207046364015,0.8155174561050891,0.718475385641449,0.18729469999379944
098,15.492005793134012,25.093635368624753,9.60162957549074,0.0439196845192443,0.38406895057215923,0.34014926605291496,0.1870741999882739
099,28.82331239966039,34.42293906279153,5.599626663131136,0.7131705125223428,0.8795972862912853,0.16642677376894255,0.18624629999976605
100,18.025176454929216,25.885154550771862,7.859978095842646,0.24614676800152302,0.6694088268944757,0.42326205889295265,0.1901689000078477
101,25.964142206202176,30.165243278584054,4.201101072381878,0.6709404638669191,0.8656184978103627,0.19467803394344363,0.1858728999941377
102,18.801766007690787,23.056143292948207,4.254377285257419,0.6837822500550329,0.8330508440722949,0.149268594017262,0.21599840000271797
103,28.993769548608665,31.720793718987,2.7270241703783356,0.862969263054652,0.9261210399381845,0.06315177688353246,0.18863319999945816
104,18.715546667901652,24.418109945347876,5.702563277446224,0.29756898586775543,0.6558609665684445,0.35829198070068907,0.18857150000985712
105,19.44198895774199,23.678869466551802,4.236880508809811,0.6032747036681103,0.7585855718124702,0.1553108681443599,0.18905080000695307
106,27.230537949121466,30.381640402230335,3.1511024531088694,0.722863167585358,0.8682182028566675,0.14535503527130955,0.18787279998650774
107,17.157057383526833,22.740399013689082,5.5833416301622485,0.495716596635539,0.7490266565223253,0.25331005988678623,0.18614469999738503
108,19.44232778600987,24.22523006549558,4.782902279485711,0.6786784746228061,0.8478520391232883,0.16917356450048227,0.186753600006341
109,18.95785303616051,25.653717472096098,6.695864435935587,0.34368362280479464,0.697878557007507,0.35419493420271236,0.18521450000116602
110,17.602576987432087,25.6966121537031,8.094035166271013,0.22490181694458208,0.6561059526423293,0.4312041356977472,0.18719519999285694
111,17.618763756247475,23.914972409695405,6.2962086534479305,0.43604132491120656,0.74117703018598,0.30513570527477346,0.18537500000093132
112,18.877291986187114,24.475113492168564,5.59782150598145,0.3998970845472867,0.6950738368229853,0.2951767522756986,0.18498550000367686
113,23.568783885214188,29.862265896164132,6.293482010949944,0.6004706801561394,0.8681515119791139,0.26768083182297453,0.1838341999973636
114,25.66129864605054,27.37908089854729,1.7177822524967503,0.8967270182450068,0.9303946870401091,0.0336676687951023,0.18593669999972917
115,23.140789923181124,28.374675664178845,5.233885740997721,0.5140782915238052,0.7986702540013036,0.2845919624774984,0.18489230000704993
116,18.346025972289304,26.239797991993754,7.89377201970445,0.34830916528125444,0.7737531289023286,0.4254439636210742,0.18770569999469444
117,19.503995041770615,23.490036623037476,3.9860415812668606,0.43921586544045815,0.6650460891257907,0.2258302236853325,0.1864516000059666
118,19.536843653243952,26.08729992833085,6.550456275086898,0.455246759466444,0.7898616455933277,0.3346148861268837,0.18751840000913944
119,21.956013509330408,25.783197700505745,3.8271841911753377,0.6082691587271606,0.7765430747102241,0.16827391598306352,0.18535379999957513
120,16.878014312716857,21.243885902537883,4.365871589821026,0.5834157886766628,0.7451559898044288,0.161740201127766,0.18559239999740385
121,18.020104697232973,24.96726587994118,6.947161182708207,0.2894650728876386,0.5826594962941362,0.29319442340649754,0.1882041999924695
122,22.241257797274237,26.198420167661286,3.9571623703870493,0.6791506176598879,0.8446344134817529,0.165483795821865,0.19071680000342894
123,19.444966411954177,26.374642761275098,6.929676349320921,0.456947589020654,0.8110450523196807,0.3540974632990267,0.19349140000122134
124,20.181261743510333,28.961935690378546,8.780673946868212,0.28569940387436127,0.7538103575025034,0.4681109536281421,0.18698420000146143
125,19.822495630403097,23.85762331878859,4.035127688385494,0.5696948032001753,0.7961697411620617,0.22647493796188645,0.1899820999969961
126,20.43466670687738,28.757280937001177,8.322614230123797,0.19696742725222158,0.7082262592541747,0.5112588320019531,0.18284110000240617
127,20.133479815469425,24.634609494115725,4.501129678646301,0.3789912685365358,0.6707571072928978,0.29176583875636203,0.18690780000179075
128,16.770172974315894,22.81754996249584,6.047376988179945,0.3443906164820783,0.5591850944435226,0.2147944779614443,0.18594730000768322
129,17.11344990287847,25.65673822744329,8.54328832456482,0.09055336577451371,0.4955729524058318,0.4050195866313181,0.1902193999994779
130,18.20371752129764,27.87009921048089,9.66638168918325,0.10576066419077068,0.5992500274189234,0.49348936322815273,0.1891265000012936
131,17.75379940977156,23.09895528175444,5.345155871982879,0.4185919647410005,0.6872126373602132,0.2686206726192127,0.1895312999986345
132,17.791842974179122,24.40110387044877,6.6092608962696495,0.3551447877180738,0.6981943336011556,0.3430495458830818,0.1846600999997463
133,21.777941295099875,28.37937567779258,6.601434382692705,0.3046098069309164,0.7000684402848582,0.39545863335394177,0.18584689999988768
134,17.10687106976317,23.11509066745376,6.008219597690591,0.4029387762703242,0.6792489621164819,0.2763101858461577,0.18947990000015125
135,16.783250326800612,23.09680265887595,6.313552332075339,0.5824606216067867,0.8407010890468046,0.25824046744001794,0.19015000000945292
136,20.20167075826877,25.004950501921584,4.803279743652816,0.6672039162451933,0.8610288558231773,0.19382493957798408,0.1908217999880435
137,15.677097997594224,22.941211506399565,7.264113508805341,0.286802279236682,0.6272914635010428,0.3404891842643608,0.1920733000006294
138,18.70237426246487,23.984134475136393,5.281760212671525,0.43715538407261123,0.7033116851680923,0.26615630109548105,0.1890584999928251
139,20.44035511135541,24.791463207707537,4.351108096352128,0.3706802490439691,0.6246730913264658,0.25399284228249663,0.18951779999770224
140,19.480681842159285,24.497573937765296,5.016892095606011,0.5878644068795098,0.8076478616680619,0.2197834547885521,0.18489859999681357
141,18.24587033528105,23.437607358743037,5.191737023461986,0.5518378270839807,0.7571449062200513,0.2053070791360706,0.18574980000266805
142,16.540667883209043,21.312523647911796,4.771855764702753,0.608621007437767,0.8004870022693481,0.19186599483158107,0.18674849999661092
143,21.235107308422755,24.51001203380704,3.2749047253842853,0.702410494529432,0.813240970370619,0.11083047584118699,0.18552569999883417
144,22.003212242136225,28.394974960725797,6.391762718589572,0.4024261158098859,0.7683932663639138,0.3659671505540279,0.18486449999909382
145,21.42214358214963,25.4180717519112,3.9959281697615694,0.7548447474033008,0.8803405210407642,0.12549577363746345,0.19382669999322388
146,18.798012225140564,23.642835772055705,4.844823546915141,0.571465300349756,0.7744420762063203,0.20297677585656437,0.18414470000425354
147,19.539780661154474,26.8922025401716,7.352421879017125,0.4078920081802049,0.762350685298729,0.3544586771185241,0.1876400999899488
148,20.71526120592857,24.880835053142608,4.165573847214038,0.62978678977476,0.8000420116525956,0.1702552218778356,0.18678459999500774
149,26.860215321567633,31.790520130923113,4.93030480935548,0.6209081847455932,0.8388547454708947,0.2179465607253015,0.185849400004372
150,16.32848365824945,23.114245099367903,6.785761441118453,0.3351859648974352,0.6735938491190723,0.3384078842216371,0.1890382999990834
151,28.010253940740935,30.917355145850337,2.9071012051094023,0.7865798653703041,0.8935037047545974,0.10692383938429328,0.1860383000021102
152,16.66941554410935,23.115019211808224,6.445603667698876,0.21099488439364247,0.4549516745139448,0.24395679012030233,0.1889211000088835
153,20.382153416066963,24.51990161497322,4.137748198906259,0.7341881365397619,0.872282868643023,0.13809473210326106,0.18404559999180492
154,16.104580320764036,21.882122488806154,5.7775421680421175,0.3845735056083382,0.6257707684534602,0.24119726284512205,0.19045290000212844
155,20.56038305964828,24.785098956460615,4.224715896812334,0.3169144670496137,0.5330908616707705,0.2161763946211568,0.1905702000076417
156,17.587081933918146,23.011963268085754,5.424881334167608,0.4007422647038648,0.6887321767737804,0.2879899120699156,0.18562550000206102
157,20.104430723705136,26.993486630735852,6.889055907030716,0.4385343947032774,0.7994653219375493,0.3609309272342719,0.1869200999935856
158,19.62899496743914,26.524078213078038,6.895083245638897,0.41277630789925607,0.7268349521779037,0.31405864427864766,0.18677119999483693
159,20.07121486619318,23.5813316055979,3.510116739404719,0.6568033235873592,0.8031016599488726,0.14629833636151346,0.18708450000849552
160,19.95593964534976,27.312075403052027,7.356135757702269,0.4298396768895551,0.7974752548131848,0.3676355779236297,0.19045540000661276
161,18.569145682760727,29.336270044174558,10.767124361413831,0.10258063396037531,0.7105424624426754,0.6079618284823001,0.18868120000115596
162,18.565701007635116,29.02288624984056,10.457185242205444,0.14356237203511027,0.6678364113341476,0.5242740392990374,0.18709880000096746
163,16.93961984753032,20.37110743910388,3.4314875915735605,0.6669520226382902,0.7725075270110621,0.10555550437277184,0.18843209999613464
164,17.241362800670466,23.42287332892774,6.181510528257274,0.41319237297185274,0.7190613299305849,0.3058689569587322,0.18560109999089036
165,26.999432447357155,28.618108332170095,1.6186758848129408,0.8983111560484979,0.9345692087011304,0.03625805265263249,0.187335599999642
166,18.4019940077978,24.16725733847118,5.765263330673381,0.4043092668958628,0.7098353662789281,0.3055260993830653,0.1855985000001965
167,18.91090917149024,24.90098187486684,5.990072703376601,0.3748629390658249,0.7123588235645802,0.33749588449875534,0.18853429998853244
168,16.364426319020005,21.90508889009304,5.540662571073035,0.42857249583760154,0.6602306205827239,0.23165812474512232,0.18860809999750927
169,18.49308432795628,23.75841185221956,5.265327524263281,0.40496560261502773,0.6936509961383776,0.2886853935233498,0.18427230000088457
170,20.339787155536612,29.487989401372772,9.14820224583616,0.19101548029133975,0.7180815547469538,0.527066074455614,0.18588390000513755
171,17.306405110877535,24.440047292946467,7.133642182068932,0.31952528361547045,0.6842279553231192,0.36470267170764875,0.18740629999956582
172,20.299120510694287,24.889871033575716,4.590750522881429,0.43908383754245933,0.7055462898984671,0.2664624523560078,0.18886739999288693
173,21.491458580044274,25.52369710321285,4.0322385231685764,0.6858849271291635,0.8487500418860042,0.16286511475684073,0.18668949999846518
174,23.34330612771964,25.424445781750308,2.081139654030668,0.8525918735262636,0.8998228265960458,0.0472309530697822,0.18752849999873433
175,19.7689853095789,27.932412106082776,8.163426796503877,0.3180688182545878,0.7397437784864312,0.4216749602318434,0.1890786999865668
176,27.61862188238281,31.15358843575939,3.5349665533765773,0.8381866978668323,0.9257209103996055,0.08753421253277316,0.1841744999983348
177,17.251894159536104,21.235194881420547,3.9833007218844436,0.6052940663839784,0.7384208189999435,0.13312675261596507,0.18754830000398215
178,20.783720818371314,25.583599746134844,4.79987892776353,0.5712151805013336,0.8015012938670326,0.23028611336569904,0.18729159999929834
179,19.37866561869296,29.460315721885515,10.081650103192555,0.22077915018772276,0.7278473218811996,0.5070681716934768,0.1896176000009291
180,19.16841904678052,24.321752333425998,5.153333286645477,0.4846133295194401,0.7347243160355679,0.2501109865161278,0.18636039999546483
181,18.861817951993096,24.164177648681328,5.302359696688232,0.469563681879805,0.7295804490986123,0.2600167672188073,0.1892643000028329
182,26.359096990257477,30.753339042195105,4.394242051937628,0.7014548637373458,0.8527829718481031,0.15132810811075736,0.1898780000046827
183,15.756921181227455,20.92904167137094,5.1721204901434845,0.4486892001765242,0.6619597592241674,0.2132705590476432,0.18601089999719989
184,19.642234544135793,22.998075906984475,3.3558413628486825,0.7286567533941354,0.8200867452248679,0.09142999183073253,0.18598070000007283
185,22.419673490856155,27.575061455132545,5.15538796427639,0.6007969931028829,0.8283529608852377,0.22755596778235476,0.1903625999984797
186,28.407781765148428,33.84704191570121,5.439260150552784,0.8085675251985439,0.934313381256776,0.12574585605823208,0.19140310000511818
187,18.862935601607912,24.71585107575241,5.852915474144499,0.41010742053488736,0.7211050033979992,0.31099758286311185,0.1831986000033794
188,21.214645459653283,28.804966772836753,7.59032131318347,0.1515289082695648,0.5744436013139832,0.4229146930444184,0.19008620000386145
189,27.539356329594643,30.58700360546826,3.0476472758736186,0.8456590623883568,0.9243626181952361,0.07870355580687938,0.1907140000112122
190,17.461628830538487,22.65580792567652,5.194179095138033,0.29074290592163743,0.6224772868512877,0.33173438092965024,0.1878567999956431
191,16.499462582189068,21.326275970130098,4.82681338794103,0.5634814114161948,0.7788288281667018,0.21534741675050706,0.18791639999835752
192,17.82815646105999,23.70321671609269,5.8750602550327,0.38827786848641727,0.6777593021545982,0.28948143366818097,0.18889520000084303
193,26.88199531388239,30.054072792786428,3.17207747890404,0.7777979683094776,0.8838773822470057,0.10607941393752818,0.19116760000179056
194,20.361226775389735,22.417149446140407,2.0559226707506717,0.8497253118598359,0.8902215718925155,0.04049626003267959,0.18660600000293925
195,16.80727665129981,23.97922150179634,7.17194485049653,0.2902151530323062,0.6447045997199967,0.3544894466876905,0.18852480000350624
196,27.679196883869665,30.083363277087013,2.4041663932173485,0.8069443844681631,0.8724668350056154,0.06552245053745231,0.18517209999845363
197,16.483299340770312,21.548324851609394,5.065025510839082,0.45112641576259366,0.655528231652542,0.20440181588994838,0.18387110000185203
198,17.794755883773096,23.688882273142433,5.894126389369337,0.3752737475127177,0.6493277480005815,0.27405400048786377,0.18748549999145325
199,20.270388983007184,24.779934335407845,4.509545352400661,0.6770563916096562,0.8436728201724577,0.16661642856280146,0.19074050000926945
200,18.02778251181713,22.172152470417103,4.144369958599974,0.5802999476712916,0.7648138845694876,0.18451393689819606,0.18936080001003575
201,25.334879650661016,28.436704629841042,3.1018249791800265,0.7549012224724425,0.8690497149164855,0.11414849244404301,0.18571789999259636
202,21.915481423449847,26.844112622078914,4.928631198629066,0.5932563100697542,0.8195391066240075,0.22628279655425332,0.18827270000474527
203,19.076983127413037,23.396355847486845,4.319372720073808,0.4211481137004778,0.6993074626454417,0.27815934894496397,0.188581599999452
204,21.968284400068395,32.33563791379372,10.367353513725323,0.234624389703471,0.7906421203188788,0.5560177306154078,0.18593749999126885
205,18.55405487679841,24.482227895971597,5.928173019173187,0.5266790982230161,0.7989349069751251,0.2722558087521091,0.184132900001714
206,19.01299920007419,30.434695482671266,11.421696282597075,0.11964555022677964,0.7088052367418243,0.5891596865150446,0.18965279999247286
207,18.770547020976533,24.16903874782665,5.398491726850118,0.3589879926425718,0.6344781819507611,0.2754901893081893,0.1878419999993639
208,18.58429825053618,22.987142432191106,4.4028441816549275,0.7226107795639128,0.8647580944069363,0.14214731484302345,0.18423210000037216
209,20.49438143484175,29.940502694307515,9.446121259465766,0.18415885884103486,0.7407910411873296,0.5566321823462947,0.18789200000173878
210,22.53213459147603,25.754088332947504,3.2219537414714736,0.6124171619044064,0.7983295231459856,0.18591236124157917,0.18734910000057425
211,21.188131041570976,24.823489183857703,3.6353581422867265,0.5014898712930814,0.6939582485005239,0.19246837720744248,0.18884740000066813
212,25.470420658875362,28.894607191169772,3.42418653229441,0.7815510083681668,0.8922681846094177,0.11071717624125088,0.18695380000281148
213,17.829715868964357,23.355373783718267,5.525657914753911,0.4662871666530271,0.7566763209484959,0.2903891542954688,0.1928421999909915
214,24.135488826557715,29.215918953857933,5.080430127300218,0.6143585065754014,0.8404068540579521,0.22604834748255076,0.20912060000409838
215,21.170594738712346,25.22703911858762,4.056444379875273,0.6348840543406276,0.805887447527731,0.17100339318710345,0.1862120000005234
216,18.330735108981816,25.343795621504736,7.0130605125229195,0.35367073525647835,0.7193405635713033,0.3656698283148249,0.18608499999390915
217,20.91179806511281,25.441334723016094,4.529536657903286,0.4742149561393259,0.6953938613371825,0.2211789051978566,0.1932669999951031
218,19.97827613899937,26.808721888519322,6.830445749519953,0.48006559454240216,0.8020613985793085,0.3219958040369063,0.19065129999944475
219,19.77617114470874,23.954681986056375,4.178510841347634,0.4938422565039593,0.7323215238134747,0.2384792673095154,0.19192680000560358
220,16.107951772537202,24.75530112456136,8.647349352024158,0.0841718469831509,0.39885530493743854,0.31468345795428765,0.19310289999702945
221,25.720825953879093,29.11470686278657,3.3938809089074766,0.8147601452609746,0.9069479115312031,0.09218776627022851,0.1893798999954015
222,20.405426480039566,26.285770012705147,5.880343532665581,0.4850050430994249,0.782543292187064,0.2975382490876391,0.18746239999018144
223,17.242249258670856,24.76654814635304,7.524298887682182,0.19603161318830722,0.5890416995880882,0.39301008639978097,0.18371480000496376
224,20.79383387336072,27.082743299387584,6.288909426026862,0.40163252739291866,0.7562464511787829,0.3546139237858642,0.20909009999013506
225,21.199496160660523,25.863096566665842,4.663600406005319,0.47011964134157247,0.7231145007233062,0.2529948593817337,0.18728959999862127
226,16.872098909576028,23.88119732696567,7.009098417389641,0.23194495673599835,0.5017347163384159,0.2697897596024176,0.1857556999893859
227,20.00771031062183,25.67883494905857,5.671124638436737,0.35835085231665403,0.6517439817418925,0.2933931294252385,0.18853919999673963
228,19.311650403455204,26.067198484627006,6.755548081171803,0.4972530487436313,0.7942069345492621,0.29695388580563076,0.18788760001189075
229,18.68017192095666,23.65954521355059,4.97937329259393,0.7111827816421336,0.8688343979665474,0.15765161632441382,0.18422490000375547
230,18.15800515956099,25.464276899719437,7.306271740158447,0.35342473805280866,0.6712595451847031,0.31783480713189444,0.18416449999494944
231,22.403383894410762,28.891203104012302,6.48781920960154,0.4630242560983926,0.7964320174687828,0.3334077613703902,0.19372159999329597
232,17.886644646658937,28.247426403099936,10.360781756441,0.07792104867350957,0.6255426655787492,0.5476216169052396,0.18912809999892488
233,18.6802426282572,22.422007194156627,3.7417645658994267,0.5335367922931169,0.7129713993045756,0.17943460701145875,0.19033870000566822
234,19.025979136718092,25.038318136669147,6.012338999951055,0.4698952922027872,0.7433829497725122,0.273487657569725,0.19208140000409912
235,19.869620845365915,26.834692911899744,6.965072066533828,0.3442270484159852,0.7350506569867786,0.3908236085707934,0.18728630000259727
236,17.38210753422651,23.451243484374036,6.069135950147526,0.4435502897558077,0.739271377637201,0.2957210878813933,0.18936469999607652
237,21.677199233701945,27.140265898883126,5.463066665181181,0.56841567222679,0.83103117359012,0.26261550136333,0.1881271000020206
238,21.032731239577437,24.12195917015332,3.089227930575884,0.6280246652534267,0.7808109535253983,0.1527862882719716,0.18875660000776406
239,20.845151357515867,26.85054748990769,6.005396132391823,0.38416224399007154,0.7298072225309212,0.3456449785408497,0.18904729999485426
240,19.396965021917786,30.8329176935989,11.435952671681115,0.14029135546483268,0.7587131498986364,0.6184217944338037,0.1878770000039367
241,17.162528905320592,23.156932948298973,5.994404042978381,0.445808811922473,0.7187841152613536,0.27297530333888054,0.18598179999389686
242,20.2423566067713,26.629325287426898,6.386968680655599,0.462741381552675,0.7605740516915535,0.29783267013887843,0.1835858999984339
243,20.45822679270472,27.45468961694189,6.99646282423717,0.35107636904432726,0.7413178060480877,0.39024143700376046,0.18933320000360254
244,30.169785219111326,34.612373071855444,4.4425878527441185,0.7968449111919179,0.910024813985304,0.11317990279338608,0.187098700000206
245,18.154360246631217,22.037202317601434,3.8828420709702165,0.5703903899822182,0.7034673884966187,0.13307699851440047,0.186398800011375
246,20.31753516460459,26.222763461625306,5.905228297020717,0.4903666938530167,0.8005641899514965,0.3101974960984798,0.18915619999461342
247,23.55977314191413,28.24454936277021,4.684776220856083,0.7284010367637636,0.886243677442919,0.15784264067915543,0.18971989999408834
248,21.466615447918084,24.473386544677687,3.0067710967596035,0.6317938073241709,0.8161729886223631,0.1843791812981922,0.19465669999772217
249,18.30734455662894,30.20527702093881,11.897932464309868,0.11227100487792367,0.7214110190041209,0.6091400141261972,0.19954519999737386
250,20.935016935531433,26.752286499429868,5.817269563898435,0.3320532441740338,0.7356694701776506,0.4036162260036168,0.18432910001138225
251,18.347769824690396,23.29822076261465,4.950450937924256,0.6661163291640783,0.8378095989369788,0.17169326977290056,0.1883897999941837
252,20.58619852853104,23.626042728830438,3.039844200299399,0.685290291417083,0.8279127852885115,0.14262249387142856,0.19506090000504628
253,18.368726981064313,26.434470084372602,8.06574310330829,0.26991704500689684,0.6880066858723585,0.41808964086546163,0.1896225999953458
254,22.512257549373636,28.807436049549327,6.295178500175691,0.3580246795832287,0.7096610099184616,0.3516363303352329,0.1834727999957977
255,20.371203239571717,28.351439547067457,7.9802363074957405,0.38691915275163535,0.763263214307432,0.3763440615557967,0.1907099000090966
256,17.692770435593413,23.027059181739876,5.334288746146463,0.41925467931753174,0.7201079459669036,0.3008532666493719,0.1880273999995552
257,17.140520740028997,25.179513315125142,8.038992575096145,0.2538058601350426,0.6780670134024587,0.4242611532674161,0.18381679999583866
258,19.173950355446518,23.57622541598859,4.40227506054207,0.510717819572538,0.7310038014443857,0.22028598187184767,0.19111539999721572
259,17.03069226674757,22.546378594037417,5.5156863272898455,0.4363500660161837,0.7235057060768381,0.28715564006065436,0.1968293999962043
260,16.1596308312802,21.437784535632083,5.278153704351883,0.4326962393505724,0.6572911472388369,0.22459490788826447,0.18605989999196026
261,21.00276430132044,29.614892709894292,8.612128408573852,0.228139844346631,0.7302676484698928,0.5021278041232617,0.18641219999699388
262,18.329532879463,22.13576465866769,3.8062317792046905,0.5468170034129518,0.700747289415612,0.15393028600266023,0.18630439999105874
263,18.73517373038593,22.736388708269885,4.001214977883954,0.4742906202840352,0.701853779879747,0.22756315959571177,0.1865689999976894
264,19.08983326609316,24.840990359619788,5.751157093526629,0.4733460746421258,0.7595006086956747,0.2861545340535489,0.18446639999456238
265,22.925359225497356,26.839822751907203,3.914463526409847,0.6040371648046919,0.7993211739015367,0.19528400909684474,0.20837789999495726
266,15.7428857388663,24.52770312584231,8.78481738697601,0.13372136631512044,0.519451578192813,0.3857302118776925,0.18288759999268223
267,18.296910959777474,23.30438998394328,5.007479024165807,0.5363001535319643,0.7610029709962985,0.2247028174643343,0.18372880000970326
268,18.28616390334584,26.580406261774986,8.294242358429145,0.24344441527153515,0.6513700806154311,0.40792566534389596,0.1828442999976687
269,17.50781912734067,25.462191946963365,7.954372819622694,0.2869471262917725,0.6936405780347782,0.4066934517430057,0.18970319999789353
270,20.57834024266058,27.061074568109706,6.482734325449126,0.42980226553485595,0.7525254679488005,0.32272320241394453,0.1877124000020558
271,19.185195572513166,23.930689432401753,4.745493859888587,0.4705728398450961,0.687887310341432,0.2173144704963359,0.18539290000626352
272,18.545274936560887,24.17234040776373,5.627065471202844,0.4417924146894377,0.7400635427258021,0.2982711280363644,0.18614560000423808
273,19.811512677329258,24.713320843853175,4.901808166523917,0.5154874964302388,0.7286921420164526,0.21320464558621377,0.18531990000337828
274,18.840745333929995,25.129060235868362,6.288314901938367,0.3054474214421541,0.6713172659791429,0.3658698445369888,0.18371669999032747
275,16.75515377796658,25.295170198494525,8.540016420527945,0.12206119211539769,0.47751145980846205,0.35545026769306437,0.1912544000078924
276,17.564162278456642,22.360138886298305,4.795976607841663,0.4997864496431746,0.7273684902356017,0.2275820405924271,0.18689729999459814
277,18.685717279033693,26.826043404117005,8.140326125083313,0.2511259821249108,0.6772034323406869,0.42607745021577614,0.18580659999861382
278,19.31507601310418,23.265970761556787,3.9508947484526082,0.7235612764570988,0.8476338144808085,0.12407253802370977,0.18857589999970514
279,20.534995641459762,25.239277756236305,4.704282114776543,0.4300234664758002,0.749153664227169,0.3191301977513688,0.1886953000066569
280,23.91757887605356,27.372422271518218,3.454843395464657,0.7110416072612521,0.8413131281295217,0.13027152086826965,0.18728330000885762
281,22.34787636438633,25.75205875344323,3.404182389056899,0.6742265252506056,0.8249014566487615,0.1506749313981559,0.18677600000228267
282,28.049101784222792,30.30606353489327,2.2569617506704773,0.9139023476286684,0.9499887219019687,0.0360863742733003,0.18668350001098588
283,17.966469026728312,22.48541084735374,4.518941820625429,0.4463156931313352,0.7041204744634872,0.25780478133215207,0.184654299999238
284,19.722279478916267,29.22529561577633,9.503016136860062,0.23465768909895324,0.7120416803156401,0.47738399121668684,0.18705360000603832
285,19.973906325989383,30.4061003819588,10.432194055969418,0.21704979731272048,0.8206199604900027,0.6035701631772823,0.19211759998870548
286,18.51639707833223,23.44380739364889,4.92741031531666,0.5193184135367529,0.7634087585152126,0.24409034497845972,0.18854460000875406
287,22.182201160409235,24.927079726483633,2.744878566074398,0.7305318345076843,0.8325097919853799,0.10197795747769556,0.18750400000135414
288,19.100102447324087,24.813993693315943,5.7138912459918565,0.35866347854188246,0.6940690381561723,0.3354055596142898,0.18736350000835955
289,16.719232780122717,23.535181423107417,6.815948642984701,0.3436235777551742,0.6815798596733592,0.337956281918185,0.18532679999771062
290,21.00025189371355,26.09295732651763,5.092705432804081,0.43872634302552255,0.7585879421138356,0.3198615990883131,0.18590430000040215
291,18.508490213932355,24.89070858598293,6.382218372050577,0.5947882754377312,0.843428879405479,0.2486406039677478,0.18558019999181852
292,16.466997888344174,23.890253292202075,7.423255403857901,0.15034648175885051,0.531527616412684,0.38118113465383346,0.18962600000668317
293,27.489703226967947,31.774455006687216,4.284751779719269,0.6939992438516892,0.8593490819025457,0.16534983805085646,0.18621770000027027
294,24.23661386040953,28.852063006667304,4.615449146257774,0.7600027234505135,0.9086426165578357,0.14863989310732229,0.1896573999983957
295,24.8951752848542,30.342523425962593,5.447348141108392,0.6452178951464534,0.8783004932098826,0.23308259806342913,0.18907419999595731
296,18.83701028013572,25.028725109364306,6.191714829228587,0.3606143430811802,0.7154107392914821,0.35479639621030196,0.18465399999695364
297,18.30393916008162,23.584471996850745,5.280532836769126,0.4369220084163408,0.711826587924851,0.27490457950851016,0.1843764000077499
298,26.088214732967273,29.81003718490944,3.7218224519421668,0.8040631489875926,0.9150590892490036,0.11099594026141102,0.1832029000070179
299,16.763710015338273,22.450645152001634,5.686935136663362,0.521323702270787,0.7642204455569089,0.24289674328612199,0.18673410000337753
300,20.956494523182933,24.82213043538973,3.8656359122067983,0.7770445317737668,0.8880384716553849,0.1109939398816181,0.19259239999519195
301,22.87059292496466,25.966648150085344,3.0960552251206828,0.6148491040969812,0.7814844767685268,0.1666353726715456,0.18530919999466278
302,21.735801403910816,27.63924110048653,5.903439696575713,0.4989243981688673,0.777997350015483,0.2790729518466157,0.18805100000463426
303,18.97452212027276,31.004317545781042,12.029795425508283,0.12459090991997541,0.7274061134447646,0.6028152035247891,0.1877911000046879
304,21.037750095138353,25.423321326061732,4.385571230923379,0.7190942417058372,0.866529782299707,0.14743554059386976,0.18573359999572858
305,23.120653148602813,28.471798046084864,5.351144897482051,0.3618608177051466,0.7623994832754727,0.4005386655703261,0.18990710000798572
306,16.987005885784864,25.565554034179918,8.578548148395054,0.1296752732561621,0.5155938451319371,0.38591857187577494,0.18589670000073966
307,16.965955235023976,23.533817610421785,6.567862375397809,0.3474557146071098,0.6830240610464816,0.33556834643937183,0.18433730000106152
308,16.996687902834417,24.716078261528857,7.71939035869444,0.19267072026176033,0.5603818870239622,0.36771116676220184,0.18097929999930784
309,17.059441280151717,21.496099266944878,4.436657986793161,0.561162148164765,0.740478603057801,0.17931645489303605,0.18714209999598097
310,17.920889688427934,24.648608941760486,6.727719253332552,0.3555954379394311,0.7283960857307522,0.3728006477913211,0.1895883999968646
311,19.126410253815383,23.44104257941001,4.314632325594626,0.7126738922786888,0.8503452616900361,0.13767136941134728,0.1869046000065282
312,19.501911164449204,26.612389039224105,7.110477874774901,0.40998260520819607,0.7437061642291599,0.33372355902096384,0.18749689999094699
313,20.24902193661039,27.607119737557532,7.358097800947142,0.5127268320938111,0.857916978655047,0.3451901465612359,0.19048400000610854
314,17.18599616506452,20.97582109689947,3.78982493183495,0.629565798612295,0.7782461749241584,0.14868037631186337,0.18622679999680258
315,23.87538851127821,28.15078141074643,4.275392899468219,0.561311701954612,0.7790627467551509,0.21775104480053886,0.18632829999842215
316,22.572020729976042,27.195146132993013,4.623125403016971,0.49746551159667657,0.759269086264966,0.26180357466828946,0.185839700003271
317,17.00585784242826,21.440801355632434,4.434943513204175,0.5638221442882688,0.7350018917830864,0.17117974749481757,0.18406979998690076
318,23.64427033857169,33.49027235427632,9.84600201570463,0.23364273902363486,0.8748642961746121,0.6412215571509773,0.18456589999550488
319,18.588949721137535,25.49596913380135,6.907019412663814,0.23339511789488773,0.6501150109880879,0.4167198930932001,0.2073577999981353
320,18.842176874932356,23.977067798241954,5.134890923309598,0.5697322684039908,0.7751505819363044,0.20541831353231355,0.18621070000517648
321,18.886563580436302,23.55766100662676,4.671097426190457,0.360519841577802,0.5966977751542103,0.23617793357640832,0.18390570000337902
322,27.808109713724196,32.49724276759355,4.689133053869352,0.8496988139181326,0.9449234129641854,0.09522459904605274,0.18861719999404158
323,20.98268080301393,27.968214534792644,6.9855337317787125,0.4167079075269031,0.8022358504083238,0.38552794288142067,0.1891073000006145
324,20.817167867450245,25.227816594878757,4.410648727428512,0.4964202039202478,0.7218533625303972,0.2254331586101494,0.18800850000116043
325,17.121386627121716,23.77228289300749,6.650896265885773,0.3646454825350751,0.7031275260778811,0.338482043542806,0.18456360000709537
326,21.0048792497103,28.1927482688856,7.187869019175302,0.42281149055743716,0.7706008641356639,0.3477893735782267,0.18664840000565164
327,18.954265639196294,23.561103874301963,4.60683823510567,0.45249063438306397,0.6641708191179102,0.21168018473484623,0.18707859999267384
328,18.762388342703318,27.739179666773637,8.97679132407032,0.2516210298640681,0.7245041372383333,0.4728831073742652,0.1861444000096526
329,21.37122037091533,24.095975179751846,2.724754808836515,0.7734788722225593,0.8551765424019205,0.08169767017936125,0.18561480000789743
330,17.76410780776998,26.144676742858458,8.380568935088476,0.14661154423904274,0.6096782111601099,0.4630666669210671,0.2035500000056345
331,17.520038221513968,23.98929342973165,6.469255208217682,0.3197163595148261,0.6345416008730188,0.31482524135819273,0.18866809998871759
332,17.05287823468322,26.649438477061018,9.596560242377798,0.11658449001403116,0.5969524889240886,0.48036799891005744,0.19014869999955408
333,17.221915944751267,22.050777464445993,4.828861519694726,0.5179060922396058,0.7436027700862251,0.2256966778466193,0.18836200000077952
334,15.845455843252584,23.33024099686493,7.484785153612346,0.26061744560668215,0.6035673404284273,0.34294989482174515,0.18735429999651387
335,18.16422241178556,23.44296559822625,5.278743186440693,0.4287940379204205,0.7090479661825481,0.2802539282621276,0.18394940000143833
336,17.266623579637304,27.08432672820942,9.817703148572114,0.1126793130312994,0.6073964838056883,0.4947171707743889,0.19259179999062326
337,17.61696676783246,26.372757032146247,8.755790264313788,0.13033319297004053,0.5284429332131002,0.3981097402430597,0.18758800000068732
338,21.331886490951337,25.319069752064927,3.9871832611135893,0.5868114341020363,0.7827729983274567,0.19596156422542044,0.18829679999907967
339,18.867888403531378,24.082528697900287,5.214640294368909,0.42275732006682426,0.7030358584727833,0.280278538405959,0.188961299994844
340,17.518605260878605,21.743430675511156,4.2248254146325515,0.5938448444693089,0.7769769492386022,0.1831321047692933,0.18859990000783
341,17.002169471610312,23.62783812957577,6.625668657965459,0.38467928603290863,0.711498922573177,0.3268196365402684,0.18925779999699444
342,19.463831503765693,29.425963269522505,9.962131765756812,0.11570261988648635,0.7821428084561522,0.6664401885696659,0.1882806000066921
343,19.343735844494475,25.666375857306633,6.322640012812158,0.4814496902449905,0.7852493853531541,0.3037996951081636,0.18806929999846034
344,21.015092602177642,25.756540616775734,4.741448014598092,0.5660705820439299,0.809190183868418,0.2431196018244881,0.1888697999966098
345,17.623596971001785,26.71349062944659,9.089893658444804,0.08047332224930771,0.5715464584217054,0.4910731361723977,0.184935500001302
346,21.476973183962617,26.649647825275377,5.17267464131276,0.5972699850091888,0.8282158143548473,0.23094582934565844,0.1892128000035882
347,22.402558408703612,26.62254233245146,4.219983923747847,0.4766408399078516,0.7432104799629283,0.2665696400550767,0.18532890001370106
348,18.207045589714667,23.11089609548191,4.903850505767242,0.452107911239145,0.6926796049943299,0.2405716937551849,0.18261790000542533
349,20.177975591089886,29.754813142244537,9.57683755115465,0.1758171233703938,0.7095067826378644,0.5336896592674706,0.18713010000647046
350,18.145415553525723,22.94031216952665,4.794896616000926,0.504204353621677,0.7343759424280024,0.23017158880632538,0.186478999996325
351,18.447955059583776,22.014819359172115,3.566864299588339,0.6962981705298015,0.8123424838883656,0.11604431335856413,0.18710450000071432
352,21.69383502020225,26.157185425755127,4.463350405552877,0.644984496386945,0.8364289496401809,0.1914444532532359,0.1867181999987224
353,18.703832017292736,27.018712395015267,8.314880377722531,0.23839868319798332,0.6385558139383342,0.40015713074035086,0.18662960000801831
354,22.661122676296344,27.615334694599838,4.954212018303494,0.7407967787238213,0.8922832594851187,0.15148648076129734,0.18482979999680538
355,19.20398837097792,24.528051221636446,5.324062850658525,0.35923598428735987,0.6638057612644254,0.3045697769770655,0.183098900000914
356,17.880609074705585,27.8963852171023,10.015776142396714,0.08219150937196505,0.5799251099535074,0.49773360058154237,0.18382269999710843
357,17.661618675894584,22.82962321565888,5.168004539764297,0.5136810286367857,0.7361354154445133,0.22245438680772767,0.18741210000007413
358,21.602664519068576,25.24858820576711,3.6459236866985343,0.6620012045767366,0.8089536503910163,0.1469524458142797,0.18683629999577533
359,16.723591649062463,23.1120362878815,6.388444638819038,0.4562724343376228,0.7630935993267586,0.30682116498913575,0.19117979999282397
360,18.09050212421599,21.96948956145748,3.878987437241488,0.5741250988188681,0.7410413766812006,0.16691627786233254,0.18672509999305476
361,20.207332740723793,31.670539345695403,11.46320660497161,0.1572082509238402,0.8028145213170971,0.6456062703932569,0.18598140000540297
362,18.854234708647752,27.58417660196827,8.729941893320518,0.2325807675109516,0.6288282668510276,0.39624749934007597,0.18629979999968782
363,20.64365628776838,28.226656546183552,7.583000258415172,0.5125253236801534,0.8431174420797402,0.3305921183995868,0.19402890000492334
364,25.935387110157627,29.574346510847967,3.6389594006903394,0.7788456521974937,0.8858624258184044,0.10701677362091067,0.20754879999731202
365,16.367474021423426,24.298307267989735,7.9308332465663085,0.246981897689628,0.6205049270158365,0.3735230293262085,0.19304249998822343
366,20.02655363366532,24.904066546853695,4.877512913188376,0.5252739563702129,0.7768868517408251,0.25161289537061216,0.18773390000569634
367,29.75236909808283,33.84941475247686,4.09704565439403,0.8351995551518895,0.9221807254505702,0.08698117029868069,0.19361970000318252
368,17.635161523542457,22.472352661208927,4.837191137666469,0.5469886282048377,0.7609119443432014,0.21392331613836368,0.18721379998896737
369,16.84346214224543,21.632858611346055,4.789396469100627,0.5200281097748716,0.7212096856762917,0.20118157590142016,0.1904726000066148
370,18.408495177601235,29.337440844878614,10.928945667277379,0.13401949529007356,0.6662221134696575,0.532202618179584,0.18692659999942407
371,15.965245831340134,22.17313749601319,6.207891664673056,0.4942674829613581,0.777440671533901,0.28317318857254287,0.1825814000039827
372,19.848559943601327,29.339340404305666,9.49078046070434,0.2576635352044154,0.7301295461004228,0.4724660108960074,0.18909590000112075
373,16.381757789353887,21.562742849845243,5.180985060491356,0.5257292450082094,0.7559543741554634,0.23022512914725402,0.18469400001049507
374,20.977089297877388,29.006251033283732,8.029161735406344,0.3302367674085099,0.76282718831096,0.4325904209024501,0.1889058000087971
375,21.408456137699503,25.553684788364713,4.14522865066521,0.6316208026069264,0.8013159907954456,0.16969518818851914,0.1878465000045253
376,17.91450176467222,21.884454421505424,3.969952656833204,0.5712157245584717,0.7262968402993634,0.15508111574089167,0.18388639998738654
377,16.506506566016096,25.287481554833583,8.780974988817487,0.11443586044277239,0.5140910446045431,0.39965518416177076,0.18528940000396688
378,20.482290811696426,26.202515280936375,5.720224469239948,0.48556125610282247,0.7521722459669257,0.2666109898641032,0.18610929998976644
379,16.105593235889934,23.662730963626917,7.557137727736983,0.2538827066065332,0.5758415144800318,0.3219588078734986,0.1854031999973813
380,18.376186337213763,23.22102004271251,4.844833705498747,0.49846076686974966,0.7362553778675283,0.2377946109977786,0.19951619999483228
381,18.527892667237033,28.337458556555735,9.809565889318701,0.12377436447393346,0.6571415027109371,0.5333671382370037,0.1894966999971075
382,19.0622296196876,23.55509208825847,4.49286246857087,0.43693830587204463,0.7072605231844856,0.270322217312441,0.18621870000788476
383,21.090218138521728,28.516307366005368,7.42608922748364,0.3755629276628529,0.7619145694182428,0.3863516417553899,0.18816059999517165
384,18.463698430517827,24.94822796140475,6.484529530886924,0.3891153595607748,0.6974663338907495,0.3083509743299747,0.18984019999334123
385,18.69076214826531,26.53920513565592,7.848442987390609,0.12030130650061065,0.7129324483754772,0.5926311418748665,0.18947480000497308
386,20.34778879421539,25.190758689720376,4.842969895504986,0.6018446409405308,0.817899352382922,0.2160547114423912,0.1891858000017237
387,18.081177449342576,24.74205807513451,6.660880625791933,0.314306349562717,0.6579717342838657,0.34366538472114866,0.18686929999967106
388,19.36998276491608,26.257657105141114,6.887674340225033,0.2953091090513174,0.6648569364095668,0.36954782735824937,0.18520710000302643
389,17.087724997306122,22.429028922388873,5.341303925082752,0.49987549542553955,0.7368289679879837,0.23695347256244415,0.18784990000131074
390,17.491638705425427,23.935828843190087,6.444190137764661,0.36783624983628616,0.6918910378540916,0.3240547880178054,0.18773210000654217
391,18.08573848165641,21.5893891752213,3.5036506935648895,0.48612136492508257,0.6512510144046996,0.165129649479617,0.18657760000496637
392,21.278741581879608,27.246138118214866,5.967396536335258,0.5775798324392883,0.827562437844528,0.24998260540523964,0.19139849999919534
393,17.50420177776835,22.795948770783706,5.291746993015355,0.4660737409843452,0.7353459407831987,0.26927219979885353,0.18598510000447277
394,16.476372243686022,23.60153291901571,7.125160675329688,0.297510827708769,0.6231304658367831,0.3256196381280141,0.18720650000614114
395,19.8802550273629,22.503975195256235,2.6237201678933353,0.5288589204983994,0.6582709803805306,0.12941205988213111,0.18605400000524241
396,23.246298931564148,28.73798494006541,5.4916860085012615,0.49951681571628354,0.7915084654593887,0.29199164974310515,0.1829367999889655
397,19.149570604944056,25.039416631356115,5.889846026412059,0.3128156925024593,0.6848601205500727,0.37204442804761345,0.1839830999961123
398,21.04221948238076,25.618984629657756,4.576765147276998,0.503994095066616,0.7679152981611322,0.2639212030945163,0.1870654999947874
399,19.41615445547693,25.343285546505278,5.927131091028347,0.46537289980752683,0.7384773970188987,0.27310449721137187,0.18435769999632612
400,17.142640202920333,22.6918202747801,5.549180071859766,0.3868506712022037,0.6869188509443296,0.3000681797421259,0.18933709998964332
401,18.704743750854348,25.820849743674074,7.116105992819726,0.4588427522736422,0.7862082318292596,0.3273654795556174,0.18532090001099277
402,21.236464712428177,29.76768241799977,8.531217705571592,0.21990461836295863,0.6855720111000596,0.465667392737101,0.190677799997502
403,23.115113862053306,28.69322898429727,5.578115122243965,0.6082434475612476,0.8453201110246038,0.2370766634633562,0.18740310000430327
404,21.15536779045286,25.897228640381957,4.741860849929097,0.675230370734254,0.8580939535324553,0.18286358279820136,0.18453820000286214
405,18.43693534957446,23.123704228772027,4.686768879197569,0.4585009201084487,0.6782070785314671,0.21970615842301844,0.18490290000045206
406,22.085356468573583,26.738766092385596,4.6534096238120135,0.7052772317467877,0.8661411981824516,0.16086396643566392,0.1859614999993937
407,18.134154084954858,23.951563061170337,5.817408976215479,0.457789726072994,0.7053871893179918,0.24759746324499782,0.18713469999784138
408,24.238673067887525,29.00843635801411,4.769763290126583,0.6068872239343622,0.8235427675876399,0.21665554365327766,0.18476440000813454
409,16.796432959938826,25.697879265225524,8.901446305286697,0.1155875177086006,0.5511314246456008,0.43554390693700024,0.1834586000040872
410,25.604995983894213,30.44194896985092,4.836952985956707,0.8046279063202214,0.9266996122259562,0.1220717059057348,0.18578540001180954
411,20.120543838587253,23.62461530593277,3.5040714673455184,0.7094978506281828,0.8419372489515791,0.13243939832339624,0.18619359999138396
412,18.281634766329297,25.14370174611246,6.862066979783162,0.2683322508881389,0.6634655742463695,0.39513332335823065,0.18746919999830425
413,22.39773704640345,28.196241687882704,5.798504641479255,0.4280179750785393,0.7793747491600723,0.35135677408153304,0.18681859999196604
414,18.766117308020437,25.39811013921847,6.631992831198033,0.4996897423934734,0.7937250104252905,0.2940352680318171,0.18744530000549275
415,17.47167209910246,24.148208874325512,6.6765367752230524,0.27291014813328246,0.5801552184177471,0.3072450702844646,0.20015689999854658
416,17.268908113126933,22.195406241610613,4.926498128483679,0.4951981323848263,0.7482538167865608,0.2530556844017345,0.18666099999973085
417,19.414355929569922,23.543001427248594,4.128645497678672,0.5079147459290407,0.7082505696311961,0.2003358237021554,0.1927538000018103
418,16.64275521607418,22.793557456692852,6.150802240618674,0.47093377570064404,0.7575119719638089,0.2865781962631649,0.18742529999872204
419,19.39956216461073,24.41910923150501,5.01954706689428,0.3868945195643993,0.6758323879754079,0.2889378684110086,0.19097940000938252
420,22.59655067583357,28.371161584145746,5.774610908312177,0.4910728238604016,0.7866340724448914,0.2955612485844898,0.18779140000697225
421,28.356603215185046,31.86517448281416,3.508571267629115,0.7753574349063502,0.8821971117858892,0.10683967687953899,0.18575200000486802
422,16.820393488049184,24.485389953925957,7.664996465876772,0.14334973766077397,0.49145676407571987,0.3481070264149459,0.18649049999658018
423,21.676641489970155,25.236615276183105,3.55997378621295,0.6366748130171974,0.8214879296426819,0.1848131166254845,0.18787259999953676
424,18.814666342899265,32.47043122901913,13.655764886119862,0.09437665599169726,0.7971832143386236,0.7028065583469263,0.18916370000806637
425,20.66747112846719,28.915243159162657,8.247772030695465,0.21587763670663718,0.6895383091822933,0.47366067247565613,0.1877365000109421
426,24.816072996932643,28.82878677411638,4.012713777183738,0.6742137030164049,0.8418781042334643,0.1676644012170594,0.18777969999064226
427,26.378387601031083,35.80039751804848,9.422009917017395,0.4042528366532732,0.8575314845583022,0.453278647905029,0.185002500002156
428,19.461395460063642,28.800666876394136,9.339271416330494,0.24231086902391638,0.715580626057387,0.47326975703347063,0.19238880000193603
429,17.081203326083568,25.222908066389245,8.141704740305677,0.22671011555296658,0.6234791712350566,0.39676905568209,0.1867350999964401
430,21.194504725479142,24.629114530916656,3.434609805437514,0.6037414436785781,0.7891436085017998,0.1854021648232217,0.186983900013729
431,21.305406565006834,26.170799569313917,4.865393004307084,0.600585545784115,0.8168873926392833,0.2163018468551683,0.1874171999952523
432,17.19105994606409,21.777603668583694,4.586543722519604,0.5128013397177865,0.7117030290414927,0.19890168932370622,0.19131140000536107
433,21.439907856254358,27.51756568235721,6.07765782610285,0.5948542943488208,0.8525910100408781,0.25773671569205736,0.19168730000092182
434,18.91301151505641,25.583436078482677,6.670424563426266,0.4212950192068036,0.7340829204658658,0.31278790125906214,0.18762060000153724
435,16.881967733945416,24.07185157623178,7.189883842286363,0.2810533298258323,0.6147105344252305,0.3336572045993982,0.18818879999162164
436,18.17491289075281,22.145509954048144,3.970597063295333,0.5863593795924431,0.7481213742538538,0.16176199466141072,0.1872601999930339
437,17.016808488209325,24.05184642688922,7.035037938679896,0.3020363225189788,0.6744689200039898,0.37243259748501106,0.1844903000019258
438,17.871744834116793,24.204609202063224,6.332864367946431,0.3583830532511867,0.7015049417962623,0.34312188854507564,0.1863669000013033
439,23.252407955381564,28.013125298968305,4.760717343586741,0.5393425065483622,0.7989175109928205,0.25957500444445825,0.18877100000099745
440,17.421741467579487,24.10412382558473,6.682382358005242,0.35132434002611523,0.6911149252880274,0.3397905852619122,0.185786799993366
441,21.00167617934509,25.60944638582388,4.60777020647879,0.5694048526690715,0.7812967582724135,0.21189190560334203,0.18640330000198446
442,16.96818909953493,23.206865716565495,6.238676617030567,0.26863120910931343,0.5237244768201936,0.2550932677108802,0.18763440000475384
443,17.220285576404525,26.652030084986297,9.431744508581772,0.1124792930379545,0.5973828592195636,0.48490356618160907,0.18841990000510123
444,16.730086408674005,26.3798407092812,9.649754300607196,0.057545399436809225,0.46054009304104143,0.40299469360423223,0.1874670000106562
445,22.381075833039006,25.148754037023778,2.7676782039847723,0.6884983849158619,0.8309130344958472,0.1424146495799853,0.18554459999722894
446,15.990460381812206,22.978868443107338,6.988408061295132,0.2428684737069562,0.492056069493456,0.2491875957864998,0.18969329999526963
447,18.115410656993326,23.603128711369873,5.487718054376547,0.5205050451311408,0.7796026031415374,0.2590975580103966,0.188761199999135
448,19.86960122696456,28.275440197255573,8.405838970291015,0.17131378395600627,0.59713379196705,0.4258200080110437,0.18915959999139886
449,19.098828764977917,25.86922968860825,6.7704009236303335,0.2772756272341467,0.6741271154719192,0.39685148823777244,0.19059360001119785
450,17.094559519059878,27.810447313748288,10.71588779468841,0.060510906868328586,0.5826489962558395,0.5221380893875109,0.19496769999386743
451,20.06243950966573,26.490280361733042,6.4278408520673125,0.49881318680857567,0.7822671930445555,0.2834540062359798,0.1904054000042379
452,18.876122834041844,24.115895855811516,5.239773021769672,0.47980794029189533,0.7227127321397121,0.24290479184781677,0.18489180000324268
453,16.923872352218822,25.160540496680373,8.23666814446155,0.23035666555668333,0.6119007546437623,0.38154408908707893,0.18549779999011662
454,19.205506230916033,24.788611125745202,5.5831048948291695,0.42462732070437004,0.712674209448983,0.28804688874461293,0.18916229999740608
455,17.833587586755762,25.431046775198528,7.597459188442766,0.3457523233835453,0.6879623727287182,0.3422100493451729,0.1869312000053469
456,18.943575196616177,28.144328576193853,9.200753379577677,0.28602147532259103,0.7408205829238231,0.4547991076012321,0.18566970000392757
457,17.266509478299636,22.403175359115238,5.1366658808156025,0.4573077006069479,0.6756988768114448,0.21839117620449688,0.18538100000296254
458,21.583413593861405,27.02917356946122,5.445759975599817,0.7065803059972411,0.8858602572082831,0.179279951211042,0.18839099998876918
459,15.887848173834625,24.623070721260984,8.735222547426359,0.09175193269331115,0.42912451398644763,0.33737258129313646,0.18631360000290442
460,18.920148649831123,26.026543174674728,7.106394524843605,0.4399095205957506,0.7708636715163145,0.3309541509205639,0.1865418000088539
