image,R_mean,R_std,R_skew,R_kurtosis,G_mean,G_std,G_skew,G_kurtosis,B_mean,B_std,B_skew,B_kurtosis,overall_mean,overall_std,psnr,ssim
001,7.1499352,34.21538,-0.03481056,0.35996032,6.233049,32.159378,-0.06789918,0.68010926,7.109182,32.586075,-0.0017147695,0.68155456,6.8307223,33.00155,17.577934142256325,0.5714318390230095
002,2.599397,27.274998,-0.013675243,1.0101333,3.2479503,26.181532,-0.014067412,1.2936869,4.447918,26.470087,0.0030478055,1.2658277,3.431755,26.657225,19.543119138577225,0.7600134944421425
003,7.9951925,32.215405,0.16754179,0.65430117,-4.235933,32.75806,0.1252711,0.5648873,9.607502,29.882238,0.15614575,1.397049,4.4555874,32.241196,17.88042078954905,0.4156812568891928
004,-1.3102369,14.045948,0.65426964,9.187084,-0.46355116,13.586701,0.8805178,12.879501,-1.0179948,13.221887,1.1629469,17.898283,-0.93059427,13.626877,25.42267015215681,0.8208355024837161
005,1.3131738,17.219698,0.16949217,1.843451,1.7475123,15.6881,0.501145,5.5200014,-1.0510068,15.211898,0.687493,8.293996,0.6698931,16.109758,23.981520436476792,0.8041645118466366
006,8.678247,34.201073,0.14986324,0.6253655,7.683547,32.8821,0.15650775,0.74014926,-3.037408,29.163746,0.24136843,1.8699808,4.441462,32.58765,17.789809590871258,0.3305522214094213
007,-0.10523909,26.62363,-0.1714756,2.2301216,0.019538363,25.623514,-0.21182337,2.7307062,-0.2261296,25.57818,-0.22296831,3.1027765,-0.103943445,25.946459,19.84917258148847,0.42661815287832144
008,4.302128,23.923159,0.298634,1.2042661,4.172576,22.679808,0.3635602,1.7471867,5.7229977,22.413715,0.39926457,2.1972961,4.7325673,23.025677,20.70685953897303,0.12566028032134124
009,6.3820424,32.5816,-0.33433226,0.58309865,-9.844232,31.037857,-0.4008588,1.171526,-3.9067316,30.567997,-0.123651445,1.753036,-2.456307,32.114967,17.97132214012815,0.3566871729229171
010,7.885979,32.823586,0.13585082,0.88251615,-4.272706,31.96109,0.12103899,1.0801024,-1.0727687,29.538904,0.20576298,1.7803435,0.84683484,31.889864,18.054688904867838,0.5032217686660143
011,-3.66315,29.207317,0.13349843,1.5695248,-2.298643,28.73713,0.13882267,1.541101,0.082537316,27.625263,0.09941938,2.4277549,-1.959752,28.572905,18.991333391413818,0.48619453441064914
012,3.4616468,22.811682,0.13680634,2.6527534,-0.99978256,21.81704,0.20528024,3.6319475,3.7846775,21.086454,0.24298556,4.9445395,2.0821807,22.024944,21.23386542135542,0.6331501300835788
013,3.9965928,17.12592,0.74189216,15.937241,-0.4222764,16.506878,0.8233854,18.83345,4.650664,16.22811,0.8844313,21.277412,2.74166,16.776525,23.52229896462103,0.5599980143396598
014,-1.4879215,27.698257,0.4183463,1.6958008,11.157355,24.869873,0.5086948,2.815876,2.298683,23.550941,0.5926085,4.3630595,3.9893723,25.978132,19.7374160051278,0.3288337653799611
015,0.9456539,21.430758,0.40985218,4.8201065,6.3350973,22.108042,0.36165214,3.7381182,0.8287967,20.687223,0.516008,5.8010645,2.7031827,21.570019,21.38611552985482,0.4514585475698804
016,-6.2076693,42.510254,-0.08692312,-0.10752463,-4.844113,41.622826,-0.044528507,-0.099606514,-5.921051,41.9445,0.0064560086,-0.062748194,-5.657611,42.03156,15.581311708180184,0.23563093833755622
017,-4.137408,25.361235,0.0331773,1.229775,-3.721196,24.721794,0.043124013,1.376226,-2.8815749,24.577778,0.0766077,1.8044658,-3.5800595,24.894745,20.119751402778967,0.7669046579945528
018,-2.4523475,35.906548,0.08077226,0.51839566,9.385359,32.48478,0.08937827,0.9024513,10.800195,32.0764,0.14518774,0.95063996,5.911069,34.055626,17.358118541516745,0.36837533254794913
019,-1.1805289,20.152649,0.47492662,5.961729,5.8780274,19.752363,0.44559297,5.90199,6.315851,18.063597,0.6567061,12.0655775,3.6711166,19.646732,22.115949197802358,0.5357665395341781
020,4.7793303,24.200727,0.02299133,1.1348076,3.6449814,23.750256,0.041438695,1.2105074,3.7719052,24.086798,0.014217632,1.3290362,4.065406,24.018717,20.397135907028602,0.5751301437566649
021,-0.6711454,25.867445,0.116311006,3.465989,8.789327,26.75006,0.16007975,2.4681206,-1.860378,24.788864,0.047658216,4.6292305,2.0859344,26.25064,19.72066906650826,0.49037860142397943
022,-0.9945857,19.46037,0.4984573,5.8699856,-0.78469896,18.358135,0.5858646,7.5336475,-0.12476221,18.840902,0.59745336,7.334899,-0.6346823,18.89549,22.59874298241455,0.5738650919832188
023,-0.8462966,11.491247,2.1286478,47.516644,-1.7758468,11.336635,2.1406682,47.996044,-1.2974837,11.161414,2.5618558,59.608295,-1.3065424,11.336921,26.983598815685795,0.7653056622114
024,5.4129252,37.651184,-0.0787985,0.5219226,-6.00125,36.099552,-0.11107353,0.79676366,9.206093,35.138397,0.0029447768,0.77767134,2.8725896,36.88183,16.768288849213498,0.617417307489985
025,0.39294598,28.264215,-0.0675326,1.1367741,1.7368779,27.427385,-0.0679612,1.2992601,-3.1895843,28.019005,-0.0784148,1.2657695,-0.35325345,27.983105,19.192194022027785,0.5974570822328802
026,3.0283315,28.529736,-0.013167563,0.26693106,-4.3709006,27.634117,-0.0020443723,0.36111307,4.23155,26.713913,0.09830992,0.630311,0.9629936,27.896372,19.21467652899465,0.7803398234143298
027,-2.2868593,23.627062,0.2979026,2.8360815,4.483372,22.092592,0.3435214,4.1482906,-0.02852152,21.012335,0.49570668,5.9850836,0.7226637,22.446999,21.103138905128777,0.42639275304547514
028,-0.45184967,10.117965,3.2958477,72.94053,-1.0058827,9.675857,3.7487645,86.610916,1.8643299,9.846968,4.0188193,94.27942,0.13553251,9.959832,28.164959060314885,0.8202342308581957
029,10.556784,25.971426,0.22757827,2.9987822,9.082838,23.710844,0.25417453,4.4473763,11.535238,24.117693,0.23236716,4.43761,10.391621,24.64028,19.586958484610506,0.3489010973842935
030,-8.086939,23.803066,-0.7811316,0.052368402,-7.944833,24.158504,-0.7076371,-0.12467575,-0.59756887,25.63628,-0.5569629,-0.3237095,-5.543113,24.793385,20.032258134524774,0.09989556669317474
031,4.738887,28.780573,0.15035306,0.7045367,3.6447172,28.962767,0.12701122,0.65606785,5.4854026,25.489859,0.2651443,1.9591746,4.623002,27.800539,19.13127398508054,0.5689317999094503
032,5.3433385,25.004663,0.1775797,1.3734431,-2.5300245,24.924377,0.17107317,1.3552499,-1.6170442,24.066116,0.23554537,1.9716349,0.3987566,24.918037,20.19941464237324,0.6838636165786404
033,10.89638,29.820547,0.10287163,2.1772437,9.464677,27.943829,0.09956908,2.9086328,10.48473,28.089655,0.08331545,3.0036592,10.281929,28.637028,18.465644217097424,0.35049078552514573
034,8.964382,26.861158,0.27031788,2.1541686,-1.7471577,25.040833,0.29191345,3.4775572,8.972611,26.097256,0.35313818,2.3769164,5.396612,26.49643,19.490536126656043,0.25344540995858694
035,-2.082576,31.845362,0.088893615,1.4121289,-3.8342466,30.656654,0.09952004,1.5382214,-0.33200586,28.93892,-0.04344473,2.8563128,-2.0829427,30.537144,18.414076272112087,0.5059368530848795
036,1.3812131,40.58789,-0.044641837,0.37063408,2.097575,39.10689,-0.07960683,0.35002446,-5.449549,40.385033,-0.066096276,0.26434588,-0.6569204,40.176224,16.05025988581926,0.22021349952758093
037,3.2296274,27.391912,0.019790584,0.69626546,-2.962294,27.154873,0.024012934,0.7868836,3.1427376,27.059458,0.020898424,0.9105494,1.1366903,27.356441,19.382120400575083,0.24006675368306044
038,-1.000626,12.310401,1.6243178,28.294628,-0.29268423,12.081129,1.6141915,28.290913,-0.83254343,12.0407915,1.970614,36.087265,-0.70861787,12.148442,26.425640363957285,0.7554125106383734
039,8.464572,34.728836,0.056873925,0.09262252,-5.0728297,32.838768,0.122547135,0.2414341,-4.2729936,32.9905,0.1477975,0.34613848,-0.2937502,34.099033,17.47563994091067,0.4438505792926926
040,7.2366157,31.776913,-0.1276502,1.2173591,-2.2757564,30.182804,-0.07914982,1.4659624,-2.2065668,30.733131,-0.13907133,1.6942496,0.9180975,31.225988,18.236726941308397,0.48057499874538845
041,-2.6519036,25.918726,0.14907984,2.2158427,2.6893902,25.470459,0.18621604,2.3061004,4.180135,25.150476,0.1806463,2.5268493,1.4058737,25.683203,19.924826733007887,0.5337743782362496
042,-3.221632,34.32522,0.0427863,0.4560945,5.682794,32.824802,0.020197926,0.6351049,-1.040788,31.488903,0.04054784,1.1136127,0.47345802,33.117584,17.72874310063402,0.3814195766152168
043,-6.1124716,40.315678,-0.044870127,0.19586253,-4.936826,38.666462,-0.059478506,0.24988532,4.4424734,39.371807,-0.024451945,0.19738722,-2.2022748,39.738766,16.133198002327113,0.5375335920897378
044,11.64912,28.595116,0.23917662,1.7236753,-0.89559925,25.579966,0.27459466,3.194705,3.3478737,24.421438,0.25976288,4.714689,4.7004647,26.769705,19.446055362204063,0.4062071804600615
045,3.2703717,24.318531,0.061422773,0.97913265,-1.5598711,22.517384,0.11986595,1.9415412,5.086776,23.301476,0.124364145,1.6000848,2.2657588,23.558332,20.64792518896612,0.8028112837145848
046,7.4073668,31.48555,-0.024060648,1.0694189,-3.3045878,31.095314,0.033980984,1.0125594,-2.167931,30.722132,0.07606911,1.2438645,0.64494926,31.47141,18.170655644255465,0.4928014252059633
047,1.5675362,14.836184,0.5499817,6.429701,1.7448418,14.668367,0.55397004,6.7003536,-0.5275633,14.155821,0.8729381,11.984874,0.9282716,14.59287,24.830451736080896,0.8279599121258728
048,-2.0635467,31.399202,0.0768078,1.5102167,9.521853,28.878237,0.3314195,1.7685223,9.032936,28.666151,0.40326938,1.8987169,5.497081,30.152252,18.40240839569249,0.24177405549413242
049,-7.461659,36.73946,0.036382157,0.4397242,2.3543062,34.82457,0.050793633,0.55944204,2.0516675,35.410152,0.034181412,0.5347457,-1.0185618,35.957077,17.01163311200222,0.12794870931229188
050,4.872418,24.150757,0.3140851,2.3088202,4.5916343,24.222391,0.2940092,2.1631107,-1.0841073,22.664953,0.3894231,3.8513255,2.793315,23.848652,20.522352674014428,0.5608599779350105
051,-1.2385211,14.675215,1.4527788,19.515488,-2.0134087,15.469122,1.1234332,13.370327,-1.6265365,13.814592,1.907327,29.479286,-1.6261554,14.671956,24.74801870054165,0.6623315898041802
052,-3.1908443,36.466114,0.15465862,0.4793048,8.31125,35.903255,0.09162251,0.44041848,10.252896,33.082066,0.17836712,0.93238425,5.124434,35.678402,16.994015885767656,0.4294824330140418
053,6.250743,36.76496,-0.022623518,0.30027962,-2.9833944,34.165863,-0.0013599879,0.5945413,6.193269,34.92704,0.03503897,0.50872755,3.1535392,35.56853,17.07547945184705,0.6075061715795836
054,1.7860484,18.232056,0.31613046,3.7076707,-0.9722477,18.034792,0.35620502,4.0370293,1.5095675,17.947676,0.34816247,4.275637,0.7744561,18.114408,22.9623898370536,0.5356786856449359
055,4.9454813,29.240547,0.037678134,1.4079385,-5.770589,27.711582,0.030174516,1.8554883,-3.9563017,26.109035,-0.07347266,3.1032004,-1.5938032,28.109385,19.13983763255576,0.5739714251676262
056,-1.7333517,29.328081,0.02731392,0.51375604,-2.8413284,28.104399,0.07340955,0.7990048,3.4263148,27.960934,0.08857213,0.8554666,-0.38278845,28.60178,19.002165090233675,0.6507278233133209
057,8.002706,31.17956,0.19922206,1.326674,-0.22104965,28.641594,0.24057682,2.1042213,-0.75963557,29.669413,0.24863611,1.8890166,2.3406732,30.116512,18.528555574570515,0.3754675372245906
058,7.429717,35.646275,-0.036214698,0.85011005,7.4852653,33.855217,-0.014806651,1.0892472,8.819917,34.753418,-0.011222845,0.90976167,7.911633,34.765266,17.088604039912703,0.5652102616029663
059,-1.369794,14.615143,0.7595319,8.853942,-1.5263591,15.11601,0.6081634,6.42124,1.1330209,12.962757,1.6732724,27.185127,-0.58771074,14.312964,25.008895378401093,0.6034593900709143
060,0.923881,17.332405,0.38323814,4.733789,1.1272875,17.22373,0.36129338,4.9394836,-1.1754398,16.919094,0.45264104,6.3464146,0.29190955,17.190844,23.42360786630763,0.7571857949655479
061,1.8753709,31.421398,-0.021722868,0.2786498,1.8336287,31.502283,-0.041245267,0.25189662,-1.3769816,29.94777,0.07924237,0.5337398,0.77733934,31.002846,18.30004279954806,0.6998395561462137
062,-6.4284368,39.54997,-0.10064327,0.36944318,1.3266485,37.59306,-0.115940355,0.5718827,4.5006146,38.340134,-0.10394661,0.43571687,-0.2003911,38.775524,16.35953428880488,0.6712726981281096
063,-0.27686003,33.128414,-0.16869377,1.5617247,-10.380879,31.654446,-0.30026886,1.9243588,0.9505286,32.651684,-0.18478546,1.6858187,-3.235737,32.87837,17.750737029378072,0.4733385466340747
064,-1.6893718,28.647707,0.06839114,0.9697499,-2.340916,28.102491,0.043017905,1.10291,0.0748305,27.429983,0.13482152,1.3395267,-1.3184857,28.083027,19.152362564214034,0.563499713984386
065,-3.1696982,32.312267,-0.2682947,1.7653193,6.8233995,30.422874,-0.30327824,2.3157716,-3.708211,30.813908,-0.40366802,2.6836424,-0.01816989,31.567316,18.14604907144356,0.41293699700781006
066,-2.433175,25.221481,0.12165473,1.2456532,-2.7896733,24.475815,0.12748714,1.4461942,4.4672003,23.833218,0.1997603,1.8881292,-0.25188267,24.743208,20.26123336966213,0.4683874398384971
067,-0.14987744,13.144248,2.3236527,39.1383,2.4801497,13.297889,2.1708536,35.605755,0.6518611,11.68881,3.7003646,74.651184,0.9940444,12.778465,25.975027891633957,0.7067137899600469
068,0.61076516,22.38642,0.6941035,5.140253,-0.5982802,21.88575,0.71842104,5.507551,4.0250473,19.537193,0.91801256,10.342864,1.345844,21.395777,21.507092306121216,0.3601656193597093
069,2.9645674,36.44909,0.036269672,0.85179424,4.158888,35.020428,0.03995926,0.93874145,-5.1029363,34.14164,-0.05338635,1.4340572,0.6735063,35.455994,17.135443853642023,0.45177353705638595
070,-3.4936192,29.08096,-0.08136044,0.5647278,2.6797638,28.525688,-0.080714345,0.5779164,-4.464849,29.535822,-0.05595152,0.48198056,-1.7595681,29.222221,18.80082128401203,0.2896711734727509
071,-1.2799584,21.292862,0.23592022,5.296261,3.7622533,20.610662,0.26835296,5.890665,3.6747763,19.982967,0.28829968,7.7417192,2.052357,20.769888,21.739921018160228,0.594383494830955
072,7.9579,29.33962,0.12359953,1.905961,-2.8217077,28.758032,0.15084925,2.0425596,-1.2855942,29.129053,0.14780158,2.0328798,1.2835327,29.46376,18.736805511006988,0.5882867323111051
073,-0.13151583,18.058956,0.2276027,4.7149677,-0.17889893,17.871742,0.26154587,5.0906286,0.4617291,17.864069,0.28411248,5.1016474,0.050438114,17.934183,23.057136946798813,0.7654953448804669
074,-5.4195223,43.45826,-0.0727314,-0.38136554,-5.696335,42.143223,-0.059650246,-0.40487313,4.9679856,42.61277,-0.0925243,-0.4201765,-2.0492904,43.028755,15.445788537198942,0.12221930635834351
075,7.078685,34.50164,0.20402324,0.24241948,9.305627,31.903786,0.25439575,0.4351995,-2.495035,31.236378,0.32104823,0.56167436,4.629759,32.977516,17.681679147891,0.2831597133291454
076,0.7905634,14.309567,1.4870905,23.512451,-1.4815978,14.07982,1.5370328,25.483833,2.253255,13.043045,2.2331016,41.894905,0.5207402,13.906951,25.26008036300173,0.7993278190760557
077,7.6670604,39.36479,0.165805,0.03779769,-2.600715,35.371254,0.24782752,0.21925163,7.718053,35.077377,0.2509864,0.25688863,4.261466,36.976437,16.714998584365947,0.16702963607412782
078,1.2597301,16.26711,0.4833511,6.5247936,2.150293,16.119934,0.43620983,6.5833883,-0.846386,15.449443,0.6161041,10.369461,0.8545457,15.998882,24.036638205187852,0.5671905245739634
079,4.335711,25.20158,0.15253118,2.7740808,-3.110254,24.253622,0.17793076,3.3336701,4.109232,23.542095,0.1774932,4.3405323,1.7782295,24.586308,20.294278545610883,0.5528751990372386
080,0.20799257,25.819067,0.34278077,3.0925097,-2.185748,27.328484,0.34883967,2.1530113,2.1053956,23.521383,0.4447076,4.8255324,0.04254669,25.664331,19.944192619497876,0.5218578364387186
081,3.8525624,37.346066,-0.22427242,0.63969445,4.2013345,36.157616,-0.22869378,0.74515605,-7.9057307,37.165157,-0.28092688,0.89332175,0.049388725,37.319954,16.691973549887578,0.4223193457003378
082,-4.339489,36.848694,0.12872057,0.03778243,6.1020575,34.896507,0.14238851,0.08779359,6.4017553,34.78865,0.144495,0.15931392,2.7214413,35.87326,17.01046393143564,0.20543598533687932
083,-1.2631088,13.733589,0.7921742,12.815715,0.6938136,13.385249,0.8282414,13.014513,-2.2608845,13.620253,0.88199043,14.744759,-0.94339323,13.635813,25.416445403180703,0.7934296806062223
084,5.326,34.98083,0.021566994,0.38822985,-6.42099,34.605427,0.024424871,0.3689475,5.94271,33.55046,0.060756084,0.61442494,1.6159067,34.851616,17.27701945595094,0.4582442624536361
085,6.9714675,32.777664,-0.09126949,1.3894382,-3.32693,31.865232,-0.04242054,1.4074688,8.650677,32.53651,0.022806525,1.1751995,4.098405,32.825325,17.739443581672198,0.545038189105096
086,6.6434083,32.28704,0.02983201,1.0168514,-3.4237397,30.922468,0.017495956,1.3101072,8.855034,30.245966,-0.05053918,1.833302,4.024901,31.61824,18.06223871104823,0.47979284559792285
087,-3.176892,31.84078,0.01206449,0.27045107,3.3269796,30.259111,0.044697464,0.42631984,-2.2309737,28.616081,0.1359705,0.9497223,-0.69362867,30.402985,18.470219006908955,0.6874463680779432
088,-5.413779,35.08359,-0.102285154,0.36823893,6.0237527,32.067562,-0.21814309,0.7704699,-1.6553527,32.444405,0.09349797,0.7379153,-0.34845972,33.564846,17.612642261617122,0.3925076641435777
089,3.3630078,20.066633,-0.017460084,6.879224,1.941645,19.482267,0.020717125,7.5933533,1.4846596,19.898998,0.06486772,7.7963037,2.2631042,19.833622,22.1265832266735,0.5205151452584883
090,1.0862688,11.109717,1.1517988,18.196106,-1.0081702,10.877251,1.2367616,20.496693,1.587786,10.947154,1.3753859,22.315727,0.5552949,11.035895,27.263670441698565,0.9179422303074074
091,-7.375382,36.081734,-0.103799745,0.7389555,-7.79148,34.9987,-0.0904171,0.8237395,-7.421602,34.993374,-0.037165143,1.1143918,-7.529488,35.362133,16.967471380101436,0.4418846140434403
092,4.3742695,23.262934,0.30990013,2.0749006,-0.6337565,21.769562,0.37298834,3.0721207,-0.6222227,21.532701,0.42328137,3.78938,1.03943,22.326494,21.144990247967897,0.6222378394983251
093,-10.084886,40.962894,-0.2543548,-0.041349173,2.7864306,39.74718,-0.24454416,-0.09957743,-5.814131,41.758682,-0.15133789,-0.17956066,-4.370862,41.180676,15.788282325274771,0.25393845854621366
094,-5.3639803,36.815643,-0.038716484,0.51325107,-6.569459,35.179558,-0.040384963,0.67467713,-3.0131311,35.630733,-0.016584568,0.62822294,-4.98219,35.91232,16.94314163191057,0.4817134157254812
095,2.1634598,11.986569,2.6578696,49.14908,-1.5741527,11.456957,3.1247644,61.477196,-0.08986001,11.064539,3.9497507,83.79342,0.1664824,11.611018,26.832505231837658,0.7864539330908192
096,-1.1536008,34.837986,0.056451134,-0.1385603,-1.8320943,34.063152,0.0774749,-0.11709666,4.712622,34.270306,0.07030185,-0.11175895,0.57564247,34.517338,17.368850315559946,0.20883374292610343
097,0.92952794,27.610779,-0.41050008,0.1491363,-4.7976027,27.19367,-0.37111017,0.13567162,-4.787137,28.357475,-0.30441558,0.028639555,-2.8850706,27.855724,19.18617557197891,0.09704207046364015
098,-3.7476811,44.37437,-0.05983764,-0.38733363,6.6972413,42.154613,0.06289838,-0.25395536,9.299163,40.20723,0.15218867,-0.024281263,4.0829077,42.653957,15.492005793134012,0.0439196845192443
099,1.3394027,9.538756,5.0516405,114.964195,0.24413249,8.979404,6.521264,164.96303,1.5717738,8.935355,7.1763945,180.9293,1.0517696,9.173577,28.82331239966039,0.7131705125223428
100,6.877395,32.010548,0.014484867,0.62680197,-2.7050486,30.857508,0.011855845,0.9015932,-5.492908,31.815254,0.0061595123,0.89706254,-0.44018716,32.006657,18.025176454929216,0.24614676800152302
101,-0.9100597,13.089269,1.2691487,19.451986,2.1825795,12.639567,1.5885074,26.755512,-0.9737964,12.507638,1.7090894,28.42686,0.099574484,12.832758,25.964142206202176,0.6709404638669191
102,1.566395,29.365757,-0.04706587,0.48715687,-4.1923127,28.784914,-0.03175771,0.5024731,-3.6872978,29.086073,0.030897478,0.5484748,-2.1044052,29.196222,18.801766007690787,0.6837822500550329
103,1.229549,9.19294,5.5203896,133.11267,-1.2353942,8.973437,5.316345,128.54314,-0.23448882,8.821096,7.066294,185.24338,-0.08011132,9.053879,28.993769548608665,0.862969263054652
104,11.503671,28.221565,0.24127026,1.5527935,10.206378,26.999792,0.22996363,1.8421016,11.447186,27.001814,0.2903782,2.087016,11.052411,27.4203,18.715546667901652,0.29756898586775543
105,-2.0967772,27.785746,0.08440283,0.38362503,-3.2136457,26.86459,0.1045045,0.50264764,-2.2868717,26.54247,0.12591977,0.67449117,-2.5324316,27.073792,19.44198895774199,0.6032747036681103
106,-0.94016343,11.295952,2.6245828,51.304977,1.6443839,10.799342,3.1579978,65.266815,1.2056208,10.947029,3.1623068,63.270996,0.6366137,11.073804,27.230537949121466,0.722863167585358
107,-3.4016578,35.223034,0.085373074,0.67021537,6.83955,35.38852,0.039268147,0.55723166,7.7946515,33.79197,0.07201614,0.88381934,3.7441812,35.17555,17.157057383526833,0.495716596635539
108,1.9597954,27.877518,-0.054593217,0.71390915,2.5296302,26.501205,-0.050892092,1.1135654,4.473703,26.614159,0.060130745,1.0857515,2.9877095,27.026272,19.44232778600987,0.6786784746228061
109,1.6126868,29.236486,0.0059898547,0.35813093,-4.1441574,28.379772,0.04428905,0.53782606,3.2293458,28.096458,0.04765066,0.5540476,0.23262511,28.7497,18.95785303616051,0.34368362280479464
110,10.412836,34.29258,0.15119421,0.55159235,-0.67477316,32.604218,0.1422762,0.91795444,0.16932233,32.250225,0.11935428,1.2704968,3.3024616,33.442913,17.602576987432087,0.22490181694458208
111,-3.3166645,34.44892,0.12393461,0.6307945,5.2388034,33.087986,0.09159994,0.81218433,7.513892,31.606222,0.11905018,1.2605791,3.1453438,33.395214,17.618763756247475,0.43604132491120656
112,7.5516114,30.84047,0.15509625,1.0679145,-3.075061,28.855236,0.18445434,1.6177282,1.4924141,25.956848,0.1757385,3.485942,1.9896548,28.95025,18.877291986187114,0.3998970845472867
113,-0.116383694,17.172138,0.42839265,4.38287,-1.5028789,18.083221,0.2440696,2.325068,-0.067450896,15.281163,0.96485424,13.844255,-0.5622378,16.89899,23.568783885214188,0.6004706801561394
114,0.35520455,13.405792,0.41097787,5.367161,-1.3387167,13.153147,0.50173306,7.1408443,-1.8877451,13.0976515,0.6059429,8.7992935,-0.9570858,13.253967,25.66129864605054,0.8967270182450068
115,-0.6902793,18.594269,0.902274,10.027201,-0.4529624,18.28095,0.9331593,10.868344,0.253326,16.303944,1.3349651,20.187637,-0.29663858,17.759884,23.140789923181124,0.5140782915238052
116,2.1498013,31.252117,-0.04139851,0.30980873,-8.123973,29.750322,-0.20910205,0.7943404,2.8861172,30.236177,-0.0510394,0.58745265,-1.0293514,30.831665,18.346025972289304,0.34830916528125444
117,7.211599,27.219194,0.15558347,2.1143327,8.294543,25.362589,0.16126476,2.8411884,10.299589,23.994404,0.15639918,4.6727076,8.601911,25.591578,19.503995041770615,0.43921586544045815
118,3.0015283,27.944208,0.06633091,1.0015574,-2.303905,26.58595,0.07947729,1.6411896,3.9697235,25.544472,0.15996781,2.1524572,1.5557823,26.851604,19.536843653243952,0.455246759466444
119,-0.5698095,21.193382,0.3048406,4.5575566,-1.1141226,20.365078,0.3855407,5.1812925,0.13699616,19.43937,0.43421686,7.950904,-0.5156453,20.351675,21.956013509330408,0.6082691587271606
120,-5.2905016,37.192265,0.03443473,0.443007,-3.3371153,35.908016,0.01928502,0.5551779,7.1156855,35.223934,0.08769125,0.6097431,-0.50397706,36.525665,16.878014312716857,0.5834157886766628
121,8.450717,31.894066,0.118450224,1.0052958,-2.4846585,30.88257,0.111575946,1.2454543,-1.7319015,32.029655,0.09749639,1.0210552,1.4113855,31.997265,18.020104697232973,0.2894650728876386
122,4.204938,20.185986,0.5010583,5.511162,5.619037,18.817644,0.6179491,7.4221506,0.48973137,18.795124,0.6463118,8.84547,3.437902,19.39821,22.241257797274237,0.6791506176598879
123,-2.4808276,27.884102,0.07333423,0.716624,4.0927095,27.353113,0.055674747,0.7733879,2.5194387,25.72395,0.10435813,1.5622091,1.3771069,27.147749,19.444966411954177,0.456947589020654
124,-2.62248,25.543077,0.26475486,1.1489034,3.7737079,25.268208,0.24838871,1.1189156,-2.2810254,23.53199,0.39321566,2.3461971,-0.37659916,24.970526,20.181261743510333,0.28569940387436127
125,-6.3614573,25.585901,-0.10522882,1.2332973,-0.32619017,24.89895,-0.05814002,1.3639708,-7.0294147,25.836975,-0.033140782,1.0904145,-4.572354,25.621693,19.822495630403097,0.5696948032001753
126,-2.2212396,24.173237,0.085896,3.1778255,4.2917333,23.539328,0.09913833,3.4490428,3.060112,24.367968,0.108317934,2.652761,1.7102017,24.194944,20.43466670687738,0.19696742725222158
127,1.5801127,25.19401,0.26154804,4.2484207,10.749132,24.803596,0.2969807,3.8501744,2.2963161,22.769182,0.09829689,7.3660765,4.875187,24.633335,20.133479815469425,0.3789912685365358
128,-6.1018367,36.704037,-0.30212945,0.62399316,-6.2492795,35.817684,-0.2581681,0.5082252,-5.628257,36.955738,-0.22888787,0.4622674,-5.9931245,36.49671,16.770172974315894,0.3443906164820783
129,7.690257,35.47269,-0.053379316,0.43594718,-3.5012367,34.08204,-0.01846463,0.65789914,8.538832,35.03841,0.031865533,0.48255825,4.242617,35.298244,17.11344990287847,0.09055336577451371
130,-2.5857017,32.191822,0.27166986,0.9419813,9.07625,30.666845,0.29062372,1.1368961,-0.9242539,29.721474,0.29776245,1.451468,1.8554314,31.30349,18.20371752129764,0.10576066419077068
131,-5.3533278,34.053616,-0.09655553,0.8135464,-5.1572804,32.98148,-0.11783218,0.9363394,5.242405,30.690355,-0.10290713,1.678637,-1.7560678,32.97884,17.75379940977156,0.4185919647410005
132,-3.4796436,32.99937,-0.005232661,0.5037286,-6.353475,32.44899,-0.035244122,0.5482266,5.759974,31.874413,-0.05109436,0.89036226,-1.3577149,32.853184,17.791842974179122,0.3551447877180738
133,6.3284683,21.575214,0.50949925,4.685503,-0.302647,20.103445,0.6325858,6.8348837,1.0491116,19.609451,0.75882167,7.983121,2.358311,20.645628,21.777941295099875,0.3046098069309164
134,-6.129854,35.18082,-0.02499216,0.586807,7.4463763,34.872406,-0.002542923,0.5349331,-4.9512553,35.019035,-0.009355592,0.60413384,-1.2115777,35.5586,17.10687106976317,0.4029387762703242
135,-7.514941,38.854572,-0.104475185,0.09056258,-2.1395001,35.716255,0.048336707,0.2815249,-1.6293788,35.247818,0.093001045,0.4053285,-3.7612734,36.73782,16.783250326800612,0.5824606216067867
136,-2.328934,25.57329,0.21234988,1.9434662,-2.320218,24.89469,0.21554597,2.1900272,3.414209,23.791433,0.29315823,3.030703,-0.41164768,24.911356,20.20167075826877,0.6672039162451933
137,6.130522,41.814846,-0.06195296,-0.07402325,-5.401406,41.295593,-0.058687124,-0.08146477,-4.2687793,41.70712,0.03251719,-0.008632898,-1.1798877,41.928894,15.677097997594224,0.286802279236682
138,8.81947,28.839842,0.250184,1.2795649,-1.701746,29.192917,0.25083247,1.1238976,8.7240095,28.094498,0.27921495,1.5790567,5.280578,29.13416,18.70237426246487,0.43715538407261123
139,1.0510424,24.472425,0.1649198,4.975152,9.260737,23.524916,0.27265763,5.2715836,3.8166673,22.558723,0.15597065,7.2984953,4.709482,23.777527,20.44035511135541,0.3706802490439691
140,4.2119274,27.651457,0.08152396,1.2973175,-0.834966,26.691858,0.087244995,1.7459483,5.6454144,25.906925,0.14904481,2.0116858,3.0074584,26.903538,19.480681842159285,0.5878644068795098
141,-2.0991561,31.846092,0.030951308,0.051622868,3.7695506,30.702776,0.0621384,0.16233802,4.966117,30.355331,0.09896818,0.21529293,2.2121706,31.128109,18.24587033528105,0.5518378270839807
142,-6.90594,38.593468,-0.08765663,0.34275937,-5.589106,37.379856,-0.092078514,0.4354248,7.7534804,36.065575,0.009653393,0.51500535,-1.5805218,37.942883,16.540667883209043,0.608621007437767
143,4.406871,22.610983,0.23297831,1.6011081,4.0947776,21.681517,0.2991666,2.3025355,4.020715,20.837048,0.3695784,3.358799,4.174121,21.722578,21.235107308422755,0.702410494529432
144,-0.72541726,21.1502,0.44534516,3.3730154,5.153046,21.380667,0.37602606,2.799975,-0.32315174,17.27083,1.0720998,12.000168,1.3681589,20.201603,22.003212242136225,0.4024261158098859
145,3.5239384,22.147415,0.11128045,1.4802461,-2.4999483,21.338764,0.102531835,2.0033975,4.1827483,20.591068,0.243661,3.0893526,1.7355795,21.579077,21.42214358214963,0.7548447474033008
146,0.74143755,29.944092,-0.11063481,0.661762,0.37447056,29.737349,-0.124448396,0.6885469,2.031126,28.053389,-0.09093717,1.3444495,1.0490113,29.265823,18.798012225140564,0.571465300349756
147,-1.6340696,27.438414,0.14571421,0.5441339,5.2206464,26.062704,0.18174489,0.7166376,4.9340386,26.123148,0.19233897,0.7799072,2.8402052,26.737114,19.539780661154474,0.4078920081802049
148,4.5645547,23.473553,0.40011987,3.0077806,5.2664056,23.435377,0.39803872,2.9221897,5.597774,21.780804,0.51224154,4.6473637,5.1429114,22.91422,20.71526120592857,0.62978678977476
149,-1.333272,11.724202,1.8390154,32.57515,-1.5047121,11.463845,1.9370395,34.456463,1.0965638,11.306482,2.4753835,48.71405,-0.5804734,11.56066,26.860215321567633,0.6209081847455932
150,-8.228714,39.37687,-0.09932649,0.10715413,4.410566,37.21297,-0.12612616,0.13132143,4.4421306,38.741062,-0.07070482,0.12879252,0.20799427,38.914352,16.32848365824945,0.3351859648974352
151,1.6740689,10.048602,3.939701,93.74116,0.33740386,10.00405,3.8165154,89.1872,-1.3024184,10.137843,3.742464,86.49411,0.23635149,10.137001,28.010253940740935,0.7865798653703041
152,-7.6091127,38.26375,-0.16651951,0.5421021,4.2046165,36.209282,-0.22919784,0.78752685,2.6585386,36.636486,-0.2766995,0.87777925,-0.24865253,37.41621,16.66941554410935,0.21099488439364247
153,-2.3451493,24.777525,0.14026411,2.1012373,-2.1856372,24.27973,0.16285743,2.3032103,-0.36038816,23.928923,0.1902702,2.6667204,-1.6303916,24.347872,20.382153416066963,0.7341881365397619
154,1.009417,40.06232,-0.17284706,0.13468266,2.9190562,39.18882,-0.11260058,0.112659454,3.4085221,40.26866,-0.09138806,0.0841527,2.4456651,39.856125,16.104580320764036,0.3845735056083382
155,2.5305905,22.90079,0.35425973,5.5796127,1.3317498,21.428364,0.48817003,7.0202484,12.615965,23.741123,0.40896222,4.4372916,5.4927683,23.26722,20.56038305964828,0.3169144670496137
156,9.817269,33.804344,0.13606727,0.70438194,8.193316,33.37723,0.103386916,0.8048601,-0.59057236,31.296682,0.28465325,1.1896691,5.806671,33.16103,17.587081933918146,0.4007422647038648
157,3.560179,25.465014,-0.012493548,1.1745868,-5.0524883,24.608522,-0.056897968,1.506598,-2.0554233,24.656197,0.12245024,1.5656548,-1.1825776,25.16748,20.104430723705136,0.4385343947032774
158,-0.55505943,25.769133,0.28763416,1.8873358,-2.4795542,27.652405,0.20064597,1.2626147,-1.1002882,26.236454,0.1066673,2.0625134,-1.3783005,26.577076,19.62899496743914,0.41277630789925607
159,4.746802,25.085466,0.08203054,2.9904232,4.2063932,24.897827,0.12186955,2.818245,-0.7963517,25.079481,0.14357135,2.8524814,2.718948,25.14521,20.07121486619318,0.6568033235873592
160,-2.8701496,25.673456,0.118119955,0.9459014,3.3837423,25.244139,0.09907609,0.8626368,4.1225653,25.250063,0.12372106,1.0543957,1.545386,25.583048,19.95593964534976,0.4298396768895551
161,9.512935,32.047756,0.2159771,0.3774972,-0.98609847,27.77535,0.3413388,1.2436972,0.1661711,28.669828,0.38119453,1.0564818,2.8976693,29.926544,18.569145682760727,0.10258063396037531
162,-2.5087566,30.635258,-0.038216546,0.1337192,-3.1021693,29.73387,0.03424091,0.33013344,-1.842308,29.533066,0.05431123,0.46890402,-2.4844112,29.975649,18.565701007635116,0.14356237203511027
163,-4.833945,36.69618,-0.041380864,0.15168095,-8.077461,34.953205,-0.08935981,0.2646072,7.3266068,35.158535,-0.0049302303,0.24612308,-1.8615998,36.223167,16.93961984753032,0.6669520226382902
164,-3.4882467,35.592354,0.025573928,0.40596294,8.256667,33.53606,0.03550696,0.5374496,9.703376,33.40456,0.07074333,0.6417203,4.823932,34.69886,17.241362800670466,0.41319237297185274
165,2.2091987,11.382918,1.767708,31.491848,-1.2100768,11.350705,1.6040695,28.121428,-0.982869,11.115595,2.3005383,44.026875,0.005417669,11.391174,26.999432447357155,0.8983111560484979
166,9.108077,32.48579,0.11362447,0.81252146,-2.9268584,30.292892,0.1477295,1.3004212,-0.9718433,27.439814,0.18418108,2.5519357,1.7364585,30.601479,18.4019940077978,0.4043092668958628
167,9.693622,29.499308,0.19987142,0.7654226,8.743744,26.235167,0.30853048,1.5220118,8.200587,26.65682,0.31381556,1.6465521,8.879318,27.508915,18.91090917149024,0.3748629390658249
168,2.2605877,38.88542,-0.18131942,-0.15590167,5.955266,37.480595,-0.05921148,-0.19400501,7.0912695,38.70314,0.007324058,-0.13965464,5.1023746,38.41685,16.364426319020005,0.42857249583760154
169,3.6750932,27.805635,0.32134998,2.4856524,12.099249,29.5177,0.28690842,1.5467396,12.456584,28.291103,0.29044527,2.1595097,9.410309,28.834223,18.49308432795628,0.40496560261502773
170,-2.187682,25.446623,0.13273102,0.16703749,5.104193,24.007578,0.16754511,0.3031907,-1.978161,23.351597,0.21988499,0.55986977,0.3127835,24.519718,20.339787155536612,0.19101548029133975
171,6.3366733,35.58391,-0.013275798,0.35251164,-6.0904503,34.42293,0.029401602,0.42506003,-1.9186953,33.091267,-0.048958693,1.0426702,-0.5574908,34.76675,17.306405110877535,0.31952528361547045
172,10.752792,25.650995,0.34723902,2.7043934,-0.6138889,23.528585,0.42140067,4.3303337,1.8618027,22.133253,0.42828253,6.4497824,4.0002356,24.309868,20.299120510694287,0.43908383754245933
173,4.3649907,21.69329,0.23136517,2.7687793,-1.4324038,21.647743,0.24402598,2.7189608,3.2572088,20.317627,0.3512589,4.956017,2.063265,21.377346,21.491458580044274,0.6858849271291635
174,2.0414617,17.52808,0.30525765,3.6117368,1.6475697,17.255043,0.31036252,4.1723447,2.7972379,16.843525,0.46501005,5.2204094,2.1620898,17.217793,23.34330612771964,0.8525918735262636
175,-0.391003,26.926807,0.21076722,0.6555784,4.4577203,25.769653,0.2528009,0.8285687,4.428136,25.071205,0.287309,1.1162882,2.8316176,26.033772,19.7689853095789,0.3180688182545878
176,-1.4658203,10.862811,2.9349842,56.486782,0.62151647,10.472531,3.2351387,64.8111,2.0218644,10.161378,4.549193,100.04859,0.3925202,10.600139,27.61862188238281,0.8381866978668323
177,7.246864,34.956825,0.08171294,0.6354444,-2.5238073,34.73258,0.07086386,0.6770718,7.5652246,33.59278,0.11440706,0.88006806,4.0960937,34.749542,17.251894159536104,0.6052940663839784
178,4.98337,23.375914,0.26495665,2.5988126,4.3400135,22.922422,0.26368943,2.6824183,4.281585,22.243746,0.33942458,3.676992,4.5349894,22.854307,20.783720818371314,0.5712151805013336
179,4.224728,27.89195,0.18808945,0.561116,-0.9080629,26.970703,0.23408876,0.82414794,-1.2870209,26.927334,0.24453048,0.8770709,0.6765481,27.382582,19.37866561869296,0.22077915018772276
180,0.25983575,28.04229,0.13041207,1.9186449,10.126148,27.5326,0.14716268,1.7418523,1.3588191,26.712677,0.14345036,2.6753287,3.9149344,27.787611,19.16841904678052,0.4846133295194401
181,-0.43418923,27.895124,0.276468,2.2505345,8.75717,28.680025,0.2000223,1.7589607,9.49539,27.704216,0.28883794,2.1906314,5.9394565,28.457062,18.861817951993096,0.469563681879805
182,-1.860624,12.626796,1.4680845,23.815132,0.9645094,12.1242485,1.7964604,30.986385,-1.1015553,11.793253,2.1797655,39.773285,-0.66589,12.244585,26.359096990257477,0.7014548637373458
183,1.2542375,40.726547,-0.25659063,-0.054596186,-8.21182,40.911556,-0.10594578,-0.19313598,-4.5491138,41.952778,-0.020754792,-0.18793988,-3.8355653,41.384415,15.756921181227455,0.4486892001765242
184,4.664092,27.343288,0.1446385,0.45368123,-1.5552627,27.468798,0.13700211,0.40815783,4.0378146,23.99141,0.30574194,1.7432408,2.3822145,26.465258,19.642234544135793,0.7286567533941354
185,4.5674233,19.523695,0.38172936,3.5220923,4.3613353,18.014757,0.55448073,5.8626575,5.6342974,18.442661,0.55396223,5.944501,4.854352,18.679504,22.419673490856155,0.6007969931028829
186,-0.46205938,9.970544,3.315818,67.94231,-1.1370449,9.403176,3.4369245,73.42223,-0.9060498,9.555398,5.1985254,118.7005,-0.83505136,9.650085,28.407781765148428,0.8085675251985439
187,9.118237,29.640963,0.19746791,0.8567517,-2.6673875,27.752298,0.24538271,1.2854805,9.196884,26.664124,0.27768984,1.8719273,5.215911,28.594725,18.862935601607912,0.41010742053488736
188,4.1216598,22.512861,0.5964498,6.4570217,2.1640768,20.27441,0.8927871,9.20807,4.9621925,22.597301,0.79869014,5.6036434,3.7493098,21.852852,21.214645459653283,0.1515289082695648
189,-1.8448627,10.7949,1.5597756,27.705832,-0.98947424,10.63427,1.5393482,28.445482,-1.744796,10.33073,2.4220018,47.181755,-1.5263777,10.595265,27.539356329594643,0.8456590623883568
190,4.088855,33.26404,-0.4412367,0.77860904,-10.514354,31.936214,-0.4426183,1.2368836,-15.611719,31.6599,-0.31095374,1.7247906,-7.345739,33.35608,17.461628830538487,0.29074290592163743
191,1.754894,38.404976,-0.17282566,0.3828895,-10.215107,36.735706,-0.21257658,0.604439,7.455149,37.151905,-0.085110635,0.34753227,-0.33502123,38.1549,16.499462582189068,0.5634814114161948
192,9.964241,33.246273,0.18899444,0.7246523,-1.9462453,32.08408,0.21719676,0.955106,10.883374,29.330761,0.3064132,1.4310141,6.3004565,32.13218,17.82815646105999,0.38827786848641727
193,-0.7678149,11.822735,1.7596456,32.12497,-1.0659631,11.763167,1.5774679,28.448196,-1.5364733,10.849467,2.8904796,64.512726,-1.1234171,11.491452,26.88199531388239,0.7777979683094776
194,3.0989895,24.733643,0.06743761,1.3385754,3.6539402,24.179735,0.070384175,1.5643325,3.3739421,23.755182,0.10956447,2.009029,3.375624,24.227224,20.361226775389735,0.8497253118598359
195,6.18712,37.182716,-0.008149702,0.33902574,6.5712757,36.76199,-0.046774104,0.39362478,-3.1082735,35.266834,-0.09698241,0.87013936,3.2167075,36.6871,16.80727665129981,0.2902151530323062
196,-1.0600225,10.833808,3.2847219,71.98239,0.99205846,10.562319,3.2642941,71.63813,1.4994502,9.979249,4.991723,125.47685,0.47716206,10.522873,27.679196883869665,0.8069443844681631
197,-6.1744227,39.468517,-0.042271156,0.22835755,5.1383905,37.57843,-0.10718239,0.3125775,5.96394,36.249332,-0.17514488,0.66759396,1.6426361,38.19213,16.483299340770312,0.45112641576259366
198,5.3616543,33.800385,0.01613929,0.8024571,8.128517,33.032284,-0.0008655126,0.8204472,-1.0644664,30.19602,-0.07105182,1.6864872,4.1419015,32.6082,17.794755883773096,0.3752737475127177
199,-3.164849,25.687912,0.018509697,0.69108915,3.6290913,24.628963,0.0018904187,0.75204444,-1.4408474,23.265507,0.19906409,1.71769,-0.32553506,24.716278,20.270388983007184,0.6770563916096562
200,-2.5421567,32.120743,-0.022402741,1.3716846,7.5209002,31.29804,0.012367278,1.3493872,-3.875755,31.347372,-0.0641935,1.8017054,0.36766273,31.997967,18.02778251181713,0.5802999476712916
201,-1.6714401,13.865828,0.60225123,10.538624,0.12129902,13.938418,0.5418193,10.029854,-0.9069034,13.451036,0.93805945,14.848774,-0.81901485,13.773036,25.334879650661016,0.7549012224724425
202,-0.852095,20.770227,0.37989986,4.3006105,-2.2607453,21.755817,0.2541059,3.0037127,4.9800754,17.879374,0.7482394,11.320708,0.6224117,20.443956,21.915481423449847,0.5932563100697542
203,6.6357474,28.515858,0.09067097,1.8996863,7.655321,27.102406,0.084421486,2.2657223,6.5487447,26.823168,0.04991224,2.894383,6.9466043,27.495054,19.076983127413037,0.4211481137004778
204,-1.4976008,20.898678,0.39021555,2.254147,-0.51421654,20.200607,0.44042397,2.793643,4.333455,19.332775,0.5434261,4.2492156,0.77387923,20.314732,21.968284400068395,0.234624389703471
205,7.461801,30.663353,0.17572342,0.8271389,-2.3080502,29.321844,0.20053218,1.1283908,-1.2722231,29.305077,0.25592867,1.1321454,1.2938427,30.090982,18.55405487679841,0.5266790982230161
206,-2.1911583,30.636942,0.38592896,0.682441,-2.2566235,27.939032,0.46438652,1.175931,-0.092955336,26.82154,0.55618006,1.6277723,-1.513579,28.52856,19.01299920007419,0.11964555022677964
207,-1.531252,30.622772,0.29068124,1.1167812,-1.548065,28.767828,0.29767874,1.623683,11.441582,26.231573,0.41099718,2.5406318,2.7874217,29.244825,18.770547020976533,0.3589879926425718
208,-3.8692036,30.992651,-0.041939836,0.42531228,1.5251518,30.010744,-0.050211247,0.5405228,-1.308735,28.676458,0.098660454,0.91745305,-1.2175956,29.989388,18.58429825053618,0.7226107795639128
209,-0.010112147,25.746971,0.34929752,2.4230514,-1.2290156,23.253975,0.42291227,4.2677073,1.9433645,23.063334,0.37545466,4.895175,0.23474558,24.087986,20.49438143484175,0.18415885884103486
210,-1.1678946,18.785954,0.52264863,9.604353,5.071035,18.608036,0.5506296,9.338403,5.53232,18.222057,0.60452527,11.0666275,3.1451535,18.790285,22.53213459147603,0.6124171619044064
211,-0.44895455,22.065666,-0.43085137,4.0129213,-5.7158895,21.801245,-0.47431672,4.2809205,-4.7569537,21.590633,-0.5200444,5.1355906,-3.6405993,21.939941,21.188131041570976,0.5014898712930814
212,-0.9221524,14.015556,1.1117136,16.970503,1.6494262,13.771694,1.1525673,17.949839,0.1233873,12.801244,1.9162539,34.70972,0.28355372,13.580773,25.470420658875362,0.7815510083681668
213,-5.836852,33.705776,0.054854874,0.65348935,6.7448926,32.561146,0.05370889,0.6522064,-2.721394,30.530104,-0.037153866,1.7239432,-0.6044512,32.73259,17.829715868964357,0.4662871666530271
214,2.0738957,16.746267,0.69346005,8.124294,2.2145054,15.687062,0.95191,12.51215,2.8571527,14.452113,1.4754267,22.27095,2.3818512,15.660287,24.135488826557715,0.6143585065754014
215,5.241291,22.623886,0.4168975,3.8820996,4.582811,21.65173,0.49075767,4.8688807,-2.0575035,21.365963,0.50853336,5.558712,2.5888662,22.133999,21.170594738712346,0.6348840543406276
216,-2.2794514,32.311512,0.23756352,0.6736648,9.736036,29.244417,0.27584267,1.0768785,-2.1007638,29.34883,0.3188541,1.2264729,1.7852738,30.851587,18.330735108981816,0.35367073525647835
217,-2.4935563,23.136488,-0.10279893,3.07978,-1.5414008,22.770918,-0.07206054,3.187912,-0.612386,22.771624,0.005776358,3.5509024,-1.5491143,22.906536,20.91179806511281,0.4742149561393259
218,4.0630336,26.068975,0.2630957,1.565299,4.986506,25.55344,0.28142208,1.7655764,-0.52623713,24.213882,0.29155928,2.9509969,2.8411007,25.405489,19.97827613899937,0.48006559454240216
219,-6.115465,25.813421,-0.112679996,2.6011577,0.10925306,26.347145,-0.022302138,2.0793085,-5.189817,25.08136,-0.10924131,3.2568913,-3.7320096,25.89814,19.77617114470874,0.4938422565039593
220,3.4658182,38.88089,-0.32938308,-0.174196,-8.6671095,39.047432,-0.26979238,-0.22023773,-7.4817257,40.00289,-0.247799,-0.15772319,-4.227672,39.69108,16.107951772537202,0.0841718469831509
221,-1.4422578,13.346225,0.46689412,7.356016,1.03326,12.961112,0.4815746,7.6526833,1.8879972,13.02747,0.88780284,14.91013,0.4929998,13.188508,25.720825953879093,0.8147601452609746
222,-2.7354145,26.049316,0.29661617,1.5424504,-0.8173371,23.635696,0.41506398,2.7631197,5.428198,22.406574,0.4948838,3.9771018,0.6251487,24.329071,20.405426480039566,0.4850050430994249
223,7.4856615,35.770927,-0.066740714,0.44284225,-2.9012737,33.41286,-0.03861369,0.8557184,7.3447795,34.15721,-0.02065552,0.80468655,3.9763892,34.80257,17.242249258670856,0.19603161318830722
224,5.7349014,23.746635,0.27578968,1.7199035,5.898149,22.885391,0.3100961,2.1708388,4.9367704,21.099188,0.5036999,4.235772,5.5232735,22.607882,20.79383387336072,0.40163252739291866
225,-0.41528192,24.05184,0.50848246,3.5365314,-0.48081934,21.55734,0.5782781,5.631385,1.9365479,20.799112,0.6720289,7.4776516,0.34681553,22.20815,21.199496160660523,0.47011964134157247
226,7.334201,36.693974,-0.060925588,-0.089179754,-2.8013616,35.641167,0.03499812,0.027866602,-3.8400428,36.269356,0.050693296,0.116428375,0.23093213,36.5533,16.872098909576028,0.23194495673599835
227,1.2407588,25.690529,0.28309235,3.400578,1.3838632,24.957167,0.34267396,3.7815223,2.0827994,25.624865,0.28611693,3.5644484,1.5691404,25.429007,20.00771031062183,0.35835085231665403
228,4.5116253,27.81961,0.13580628,1.0053787,5.0348005,26.838106,0.1691488,1.3202262,3.7271671,27.055143,0.19274181,1.2786312,4.424531,27.246174,19.311650403455204,0.4972530487436313
229,3.6477861,30.014116,0.023166798,0.48189998,3.0522263,29.248343,0.036716726,0.69314647,3.3243163,29.215488,0.08332014,0.6682782,3.3414428,29.495962,18.68017192095666,0.7111827816421336
230,5.4749236,31.814407,0.10473698,0.22536278,-1.8319855,31.091322,0.15800385,0.3467598,3.8511956,30.891409,0.15748535,0.38271523,2.4980445,31.424767,18.15800515956099,0.35342473805280866
231,3.6586766,19.432503,0.5051092,4.7190537,-0.661707,18.88098,0.5319783,5.119296,5.5558004,18.516504,0.65641135,6.6687613,2.8509233,19.124868,22.403383894410762,0.4630242560983926
232,4.6751156,32.799114,-0.21520522,0.21149778,4.9990325,31.621792,-0.18950835,0.35481787,-2.9027817,32.287727,-0.08620959,0.58245015,2.2571223,32.445885,17.886644646658937,0.07792104867350957
233,8.64105,29.42306,0.16359814,1.5154786,-3.0947073,28.893614,0.1809826,1.605619,9.080764,27.860823,0.1715218,2.148831,4.8757024,29.281225,18.6802426282572,0.5335367922931169
234,-2.6287568,29.203434,0.05921204,0.95322394,3.6396575,28.481667,0.10942661,1.0675211,2.4537265,27.403975,0.15526073,1.583519,1.1548758,28.502636,19.025979136718092,0.4698952922027872
235,1.6057695,25.481573,-0.22521873,1.1763048,-5.1053977,25.362337,-0.21120068,1.2206883,-4.030614,25.937485,-0.1698366,1.0776396,-2.5100806,25.763666,19.869620845365915,0.3442270484159852
236,8.574804,34.099106,0.16126749,0.61277413,-3.156882,33.95755,0.17330292,0.58671856,8.658368,33.016838,0.18205272,0.8213458,4.6920967,34.148643,17.38210753422651,0.4435502897558077
237,4.702286,21.336908,0.38190672,2.837624,4.7918196,21.65346,0.33753842,2.4022279,4.7074213,18.287766,0.7775272,8.830921,4.7338424,20.482378,21.677199233701945,0.56841567222679
238,5.3850083,21.813398,0.22177187,4.662064,3.9699197,21.73983,0.24984331,4.3203225,4.8712735,22.824743,0.22026198,3.41743,4.7420673,22.139256,21.032731239577437,0.6280246652534267
239,0.015186004,23.286623,0.5954179,3.6888862,8.695333,23.010208,0.55432934,3.6247358,-0.15044144,21.41059,0.8069631,5.585952,2.8533592,22.95907,20.845151357515867,0.38416224399007154
240,-2.7732017,28.315361,0.05870257,0.52579904,-2.8084748,26.321718,0.07253565,0.93093586,3.6079075,26.79811,0.058524042,0.8557067,-0.657923,27.325373,19.396965021917786,0.14029135546483268
241,-4.5684104,36.710064,0.017759612,0.3421948,-5.487777,35.327023,-0.01982835,0.38296914,-1.5356156,33.171013,0.038587883,0.83793116,-3.8639343,35.140182,17.162528905320592,0.445808811922473
242,-0.75811636,26.10237,0.2116105,1.6398273,5.4825954,24.015451,0.3830236,2.4238224,-0.7661555,23.57063,0.4468176,2.953364,1.3194413,24.763199,20.2423566067713,0.462741381552675
243,-1.0482804,24.085669,0.307478,2.2831755,4.5487437,24.755507,0.19217488,1.6159506,4.4668283,22.819168,0.37972972,3.299346,2.6557639,24.043379,20.45822679270472,0.35107636904432726
244,-0.24276571,7.974435,6.4596457,157.67384,2.020839,7.6692195,6.385059,156.36176,1.1061699,7.7343984,10.649675,302.7089,0.96141446,7.8490515,30.169785219111326,0.7968449111919179
245,0.7342754,30.902603,0.1570578,1.5559616,9.899474,30.70806,0.19126429,1.4050078,9.271902,30.02181,0.22418964,1.6283798,6.6352177,30.831224,18.154360246631217,0.5703903899822182
246,3.4122527,24.73618,0.21835485,2.1805077,4.806496,24.924538,0.21353199,1.9593086,-1.7488436,23.287218,0.27509597,3.255879,2.156635,24.48984,20.31753516460459,0.4903666938530167
247,1.7183343,16.945992,0.6274519,7.2094545,1.6517239,16.98078,0.5838771,6.577154,2.372184,16.51168,0.7355925,8.620083,1.9140807,16.817314,23.55977314191413,0.7284010367637636
248,-5.998057,21.52159,0.0111722965,2.4030085,-5.332762,20.704298,-0.04775208,2.7694783,-1.6753442,20.799366,0.03425448,3.4647417,-4.3353877,21.097357,21.466615447918084,0.6317938073241709
249,-1.6240214,31.479506,-0.023354147,0.13998246,-1.8003534,30.51811,0.06382256,0.21955204,-1.7158304,30.811655,0.10463969,0.27757597,-1.7134018,30.939121,18.30734455662894,0.11227100487792367
250,-0.27558675,22.814209,0.34358853,4.829428,-2.0911932,22.350298,0.2528548,5.401308,5.912839,22.659678,0.500525,4.258175,1.1820197,22.867039,20.935016935531433,0.3320532441740338
251,4.403869,31.251204,0.07448087,0.28652382,-1.6294774,30.131329,0.12379313,0.44105673,4.564134,30.436687,0.12709,0.4148209,2.4461753,30.745493,18.347769824690396,0.6661163291640783
252,1.7026026,23.622952,-0.0046320725,0.8661392,-6.828326,23.277987,-0.038872804,0.8837819,-5.715242,22.85482,0.039092254,1.4391184,-3.613655,23.56031,20.58619852853104,0.685290291417083
253,-2.355359,31.543957,0.12740788,0.824075,-2.2522528,29.188896,0.17979798,1.1881375,8.184538,30.256395,0.20824298,1.0285306,1.1923087,30.745213,18.368726981064313,0.26991704500689684
254,5.150721,19.88348,0.47493216,4.116969,4.3151197,17.74549,0.7618704,8.213078,5.181539,17.653381,0.8478832,10.045229,4.88246,18.46059,22.512257549373636,0.3580246795832287
255,-2.429099,24.788517,-0.0551636,1.308384,-3.4278867,23.75356,-0.040169217,1.6542974,3.3041925,24.159267,-0.030537624,1.5022082,-0.8509311,24.418358,20.371203239571717,0.38691915275163535
256,6.117905,34.402473,0.03743969,0.7336662,6.0210657,32.1111,0.023789201,1.0245643,4.7492766,31.740791,-0.017025681,1.4987383,5.6294155,32.778534,17.692770435593413,0.41925467931753174
257,7.2358303,35.935703,0.029503822,0.101116896,6.701425,34.313816,0.046673693,0.20571804,6.9876847,33.962162,0.097647235,0.33584,6.97498,34.748547,17.140520740028997,0.2538058601350426
258,-1.4610239,28.34328,-0.08909625,2.273375,-1.5276506,28.472183,-0.054233372,2.1088414,0.67391753,27.212091,-0.06931171,2.9240742,-0.77158564,28.03356,19.173950355446518,0.510717819572538
259,-6.820522,36.326862,0.040805545,0.57672596,3.802468,35.000957,0.032059245,0.6009562,-6.542445,34.87632,0.052676454,0.8038585,-3.1868331,35.750896,17.03069226674757,0.4363500660161837
260,4.3642173,39.68984,-0.08414014,0.23946667,-7.2003803,38.95761,-0.06621846,0.24742365,3.4764283,39.335323,-0.08581378,0.28369474,0.21342176,39.678238,16.1596308312802,0.4326962393505724
261,-2.325995,23.823885,0.2667232,1.3687243,-1.0362833,22.066853,0.35586786,2.3135967,-0.8380014,22.06445,0.37360126,2.7378902,-1.4000932,22.676487,21.00276430132044,0.228139844346631
262,6.6426086,30.287361,-0.04625559,1.2395954,8.470196,29.16452,-0.05386394,1.3850393,9.065822,29.99775,-0.001787331,1.2712102,8.059543,29.83816,18.329532879463,0.5468170034129518
263,-3.3675482,29.10036,0.02950961,1.7699556,8.897255,28.379719,0.08179123,1.6360669,10.119431,27.660786,0.059200637,2.1822143,5.2163787,29.032345,18.73517373038593,0.4742906202840352
264,8.214153,28.271889,0.27138063,1.5117688,7.660841,28.622223,0.21289346,1.3478966,0.76692575,25.696135,0.3126229,2.9654326,5.547307,27.768412,19.08983326609316,0.4733460746421258
265,-1.263361,19.105396,0.497929,6.1679783,3.7249956,17.963795,0.58621085,7.4797544,-0.6873679,17.058172,0.8206603,12.771326,0.59142226,18.19881,22.925359225497356,0.6040371648046919
266,4.0865493,41.761288,-0.112110764,-0.14000034,5.1728597,40.250927,-0.052683387,-0.11591029,-4.8612437,42.04386,-0.00013707284,-0.102164984,1.466055,41.60317,15.7428857388663,0.13372136631512044
267,-1.6568261,32.246544,0.09374709,0.74967694,-4.4905624,30.372677,0.09469487,0.9633608,-2.8395634,29.901695,0.112346,1.3222556,-2.9956508,30.878807,18.296910959777474,0.5363001535319643
268,3.4620645,31.967365,0.0756776,0.18056774,-2.0828676,30.851267,0.0915496,0.38393092,-2.7364979,29.950825,0.11548687,0.676661,-0.45243365,31.058887,18.28616390334584,0.24344441527153515
269,-3.2014797,33.903778,0.22281128,0.613652,-1.9896439,32.246994,0.22524968,0.8772471,9.882692,34.081196,0.20078951,0.5529227,1.5638562,33.938187,17.50781912734067,0.2869471262917725
270,-2.3772895,24.081228,0.14473417,0.97698236,2.840168,23.421774,0.15433611,1.0916457,4.8566504,23.275244,0.16885641,1.2867708,1.7731763,23.791416,20.57834024266058,0.42980226553485595
271,-1.1315341,28.25515,0.39120653,2.0907283,9.135638,28.169827,0.37849906,1.9080472,1.0440104,25.992363,0.4306133,3.272828,3.0160382,27.845026,19.185195572513166,0.4705728398450961
272,-2.2424517,31.680557,0.11700195,1.2581229,-1.9529939,30.12605,0.11545702,1.4772344,-2.474338,28.29716,0.04595439,2.6639023,-2.223261,30.067158,18.545274936560887,0.4417924146894377
273,4.400099,26.618177,0.06996615,0.5676837,4.340038,25.621094,0.10721971,0.6948328,-2.1400113,25.090515,0.14717306,1.0650334,2.2000418,25.966375,19.811512677329258,0.5154874964302388
274,6.534636,30.57763,0.16505721,0.8475225,-3.1403658,28.64264,0.18507713,1.2505736,8.73365,25.755455,0.28670233,2.7762585,4.04264,28.859121,18.840745333929995,0.3054474214421541
275,6.808239,37.942356,-0.058596138,0.040372133,5.319028,35.409206,-0.05641261,0.22374225,-3.796442,36.5446,-0.066732034,0.3211236,2.7769418,36.945297,16.75515377796658,0.12206119211539769
276,-4.3626595,34.39824,-0.1011632,0.9990308,-4.5025344,32.750824,-0.044412505,1.0943351,7.186745,32.73064,-0.06772031,1.3175979,-0.55948293,33.749893,17.564162278456642,0.4997864496431746
277,-3.4992692,30.6505,0.28895354,0.7486682,-3.1658053,28.805101,0.33036393,1.0064435,-2.741341,29.003252,0.34630212,1.0578475,-3.1354718,29.499516,18.685717279033693,0.2511259821249108
278,3.087291,27.788134,0.042910796,0.27453327,4.4146104,27.038212,0.06759428,0.34007692,-2.306227,27.320412,0.079556495,0.4087131,1.7318914,27.537796,19.31507601310418,0.7235612764570988
279,0.13047323,24.075256,-0.046735376,3.3272362,0.5251437,23.739267,-0.07005558,3.474379,-5.4003863,23.495245,-0.09517891,4.04754,-1.5815899,23.924534,20.534995641459762,0.4300234664758002
280,-1.0643922,16.215773,0.56402683,8.909886,-0.8295741,16.453012,0.49021327,7.409437,1.7112942,15.908625,0.6228126,10.437227,-0.060890686,16.242699,23.91757887605356,0.7110416072612521
281,-1.3700501,19.648792,0.4877365,5.388505,-0.9347949,19.504658,0.47224,5.0450897,4.4911833,18.61894,0.61524034,7.7224617,0.7287795,19.446508,22.34787636438633,0.6742265252506056
282,-0.23459755,10.31994,2.59806,52.74188,1.0430694,10.205471,2.5987089,53.132915,-0.19852468,9.688237,4.1624107,97.67899,0.2033157,10.092459,28.049101784222792,0.9139023476286684
283,-4.30741,32.53671,-0.116512075,1.814848,5.856737,30.956839,-0.13721848,2.1176882,6.2482185,31.730661,-0.13336669,1.9836965,2.599182,32.12178,17.966469026728312,0.4463156931313352
284,3.8681245,26.980547,0.15061161,0.5153284,-0.91416717,25.925333,0.20595323,0.7157068,4.0800843,25.437227,0.2247571,0.8380568,2.3446805,26.223896,19.722279478916267,0.23465768909895324
285,4.725806,26.142721,0.18404232,0.5729592,5.2558513,24.499975,0.24398394,0.8873229,4.9791713,24.577753,0.25924015,0.9740114,4.986943,25.085833,19.973906325989383,0.21704979731272048
286,-4.077246,31.27816,0.065914005,0.8720007,-4.679905,29.629066,0.0555465,1.0190983,-1.8280336,29.104153,0.07093671,1.5606952,-3.528395,30.043163,18.51639707833223,0.5193184135367529
287,-1.6173887,19.8924,0.5002393,6.279007,4.2148385,19.360567,0.55746907,6.811906,6.1360693,18.75364,0.6413141,8.621013,2.911173,19.620106,22.182201160409235,0.7305318345076843
288,-0.7481322,28.126022,0.42168278,1.8016467,9.894377,26.712088,0.39282063,2.0547886,12.07656,25.514305,0.44442943,2.9665298,7.0742683,27.384634,19.100102447324087,0.35866347854188246
289,7.718981,37.51662,0.03369677,0.076184034,-4.9285636,35.61317,0.04259291,0.15208697,8.707438,36.28654,0.05324935,0.13203573,3.8326187,37.005108,16.719232780122717,0.3436235777551742
290,5.105334,22.661493,0.23286094,3.9600358,3.719754,22.187546,0.234516,4.277673,4.624993,21.961874,0.2772967,4.797062,4.4833603,22.27962,21.00025189371355,0.43872634302552255
291,3.8500109,32.367496,0.04905632,0.133852,4.917684,29.182785,0.1807511,0.60163355,4.417864,28.148048,0.22926782,0.9364698,4.3951864,29.956488,18.508490213932355,0.5947882754377312
292,-11.703543,38.085667,-0.25677946,0.729393,-12.154491,36.3738,-0.3328822,0.9414871,-2.9805074,36.51491,-0.2878902,1.03999,-8.946181,37.239742,16.466997888344174,0.15034648175885051
293,2.1039119,11.267823,3.6097023,71.895485,-1.0396945,11.049666,3.88291,79.67696,1.9258727,9.457585,7.353466,189.34203,0.9966967,10.71978,27.489703226967947,0.6939992438516892
294,-1.601906,16.13476,0.85702515,11.491381,1.3893832,15.830967,0.94072104,12.94126,-0.6581442,14.817168,1.2926494,20.503513,-0.29022232,15.654344,24.23661386040953,0.7600027234505135
295,0.6682594,14.914736,0.9099129,12.288776,-0.84578645,14.59742,0.9658555,13.359247,-1.0116303,13.936738,1.3876404,22.555311,-0.39638582,14.508396,24.8951752848542,0.6452178951464534
296,7.4039593,29.732092,0.17680387,0.8329022,8.137173,28.675522,0.17261186,0.93882823,9.27677,25.22685,0.34612566,2.6395354,8.272634,27.955072,18.83701028013572,0.3606143430811802
297,8.659312,32.82294,0.17904724,0.7421794,8.627338,30.404247,0.21875618,1.2206931,-0.17556277,27.0471,0.31761456,2.7077937,5.7036953,30.469429,18.30393916008162,0.4369220084163408
298,-0.77744335,12.895217,1.1298876,18.515656,1.1573302,12.542574,1.2518617,21.04168,-0.66108304,12.416517,1.5920374,28.795937,-0.093732044,12.650786,26.088214732967273,0.8040631489875926
299,7.333584,37.95048,0.028841456,0.24265027,8.457775,35.13502,0.07523762,0.44134188,-3.0077527,36.06693,0.12016523,0.43427563,4.2612023,36.766926,16.763710015338273,0.521323702270787
300,4.110419,24.29102,0.14442544,1.2900114,-2.3274107,22.40782,0.23388296,2.6462784,-0.7199908,21.21654,0.36316043,4.029855,0.3543391,22.83827,20.956494523182933,0.7770445317737668
301,4.6924286,18.480099,0.56938785,10.22782,5.2101746,17.421558,0.69579893,12.85411,0.9608684,17.667736,0.6040729,13.501804,3.6211572,17.962214,22.87059292496466,0.6148491040969812
302,-0.40351745,21.07246,0.49544963,4.773326,-0.26764724,20.510437,0.53611493,5.5890493,5.454239,20.330559,0.55658066,5.887023,1.594358,20.819986,21.735801403910816,0.4989243981688673
303,3.746048,29.660654,0.21639419,0.43117404,-1.5549283,28.215431,0.2652446,0.5765953,-2.5421894,27.776247,0.2854626,0.6987982,-0.117023215,28.69528,18.97452212027276,0.12459090991997541
304,4.106095,23.015297,0.2119787,1.2370582,3.24191,21.985882,0.2790304,1.7077317,4.5790973,21.787704,0.2975436,2.138225,3.9757009,22.276344,21.037750095138353,0.7190942417058372
305,-2.2951689,18.7944,-0.24564338,-0.10055828,0.79967564,18.584827,-0.2517928,-0.091344595,-6.6844535,14.201714,-0.6593914,2.126306,-2.7266488,17.593554,23.120653148602813,0.3618608177051466
306,-6.5452614,36.90708,0.041378587,0.26479554,-5.5209804,34.82743,0.07926454,0.39988208,-2.5598407,35.34069,0.11003988,0.2485547,-4.875361,35.74266,16.987005885784864,0.1296752732561621
307,4.856245,36.748787,-0.07475051,0.39826798,-5.6402125,34.999146,-0.03618567,0.5665777,-2.5627723,35.854057,-0.0026348103,0.5371039,-1.1155798,36.143955,16.965955235023976,0.3474557146071098
308,-4.427066,37.325832,0.07625131,0.301126,6.177817,34.874596,0.1052583,0.43703008,-3.3915935,34.878433,0.11578761,0.58546424,-0.5469475,36.029293,16.996687902834417,0.19267072026176033
309,-2.555723,36.105713,0.011600674,0.8546932,-3.2484615,34.978863,0.019945357,0.8533356,7.4729915,35.20334,0.05323976,0.86883855,0.55626905,35.769726,17.059441280151717,0.561162148164765
310,9.415678,32.45133,0.15568714,0.7117555,7.6040797,30.853542,0.19375977,0.9786427,9.337104,30.16416,0.18536416,1.2956796,8.785621,31.182278,17.920889688427934,0.3555954379394311
311,4.5005293,28.420029,0.0935977,0.49079323,-1.9343834,27.571718,0.119473785,0.64725256,-2.2969735,28.075367,0.13386622,0.5908668,0.089724176,28.197947,19.126410253815383,0.7126738922786888
312,3.853419,27.920942,0.25426787,0.7623513,3.7764008,27.138916,0.25996584,0.93263555,-1.7346565,25.290228,0.34542146,1.7390075,1.9650544,26.933437,19.501911164449204,0.40998260520819607
313,3.8113294,24.863354,0.059424587,0.62331367,2.6373558,24.507496,-0.022277342,0.70056367,3.729162,24.245605,0.060296815,0.9461918,3.3926158,24.545956,20.24902193661039,0.5127268320938111
314,-5.8754616,35.1385,-0.0607104,0.9465463,4.827738,34.35935,-0.027577527,0.8589544,-5.460285,35.016575,-0.03444194,0.9723129,-2.1693363,35.189793,17.18599616506452,0.629565798612295
315,0.36479437,16.356268,1.2612032,17.354643,-0.11143889,15.739673,1.3998457,19.582636,6.7979083,15.414005,1.5487034,22.973724,2.3504214,16.151781,23.87538851127821,0.561311701954612
316,5.8599715,18.534271,0.9408243,10.2107115,5.4530873,18.124172,1.0185512,11.185619,6.0101566,17.514091,1.1334535,13.6474,5.774405,18.063908,22.572020729976042,0.49746551159667657
317,6.505791,37.662666,-0.018267289,0.27542067,-2.7044592,34.72906,0.024560567,0.5388527,-1.2410676,34.80298,0.039730057,0.66626906,0.85342145,35.985306,17.00585784242826,0.5638221442882688
318,5.2924037,17.623344,0.8347642,8.232373,-1.2263136,15.755258,1.3918024,16.588045,5.140508,15.104588,1.689108,22.4093,3.068866,16.478706,23.64427033857169,0.23364273902363486
319,-3.8884594,30.27269,-0.069685355,1.1132636,6.2375903,28.894836,-0.11516994,1.4044738,-6.2155967,29.251259,-0.041768808,1.5642786,-1.288822,29.97033,18.588949721137535,0.23339511789488773
320,3.8926778,29.885029,0.06388507,0.6176584,3.0907898,29.215504,-0.003694433,0.7431669,4.344372,27.504469,-0.032077167,1.4893632,3.7759464,28.890385,18.842176874932356,0.5697322684039908
321,7.8979926,28.915833,-0.33368334,2.5454879,8.157,27.504435,-0.3583849,3.028246,0.24101989,28.270967,-0.45746997,3.2562327,5.432004,28.474081,18.886563580436302,0.360519841577802
322,-1.5467277,10.576001,1.6941316,31.577953,1.7800672,10.026696,1.9250199,38.070168,1.3970026,10.160751,2.5916176,52.480732,0.5434474,10.3642645,27.808109713724196,0.8496988139181326
323,4.8948054,23.233217,0.19241467,1.0131812,5.188997,23.456758,0.18037687,0.8689909,4.90152,19.769068,0.47102943,4.7171254,4.995107,22.217667,20.98268080301393,0.4167079075269031
324,-3.8880389,24.044127,-0.07108543,2.870069,1.9952493,23.315561,-0.032653235,3.0789948,1.86709,21.721933,-0.08419199,5.7921495,-0.008566516,23.210354,20.817167867450245,0.4964202039202478
325,-2.828564,36.396408,0.013337633,0.42368293,7.0870643,34.49038,0.0059734317,0.47802663,6.471959,34.213684,0.06207982,0.6499429,3.57682,35.339275,17.121386627121716,0.3646454825350751
326,-1.5912228,24.630905,0.33458796,2.085166,-1.6367787,22.06855,0.4713858,3.9067678,-0.55571586,21.179558,0.55621,5.1692,-1.261239,22.679092,21.0048792497103,0.42281149055743716
327,9.442855,29.248915,0.34576866,1.583477,-1.3865339,28.898561,0.38842416,1.609746,-0.083008826,26.459866,0.40851945,2.982009,2.6577709,28.63946,18.954265639196294,0.45249063438306397
328,-0.71169865,29.372854,-0.2232695,0.5600169,-5.228769,28.889582,-0.21979204,0.6459639,-5.281129,28.997372,-0.23389773,0.65131354,-3.7405322,29.16609,18.762388342703318,0.2516210298640681
329,3.653623,21.757069,0.31784922,3.5351777,3.045366,21.728584,0.31692007,3.343203,-2.399419,21.18272,0.37911376,4.3902383,1.43319,21.728838,21.37122037091533,0.7734788722225593
330,7.267127,32.969433,0.105357334,0.32529855,10.096106,30.818579,0.16429521,0.4676442,8.70065,31.57679,0.17699175,0.49348068,8.687961,31.82171,17.76410780776998,0.14661154423904274
331,-1.7545617,34.23289,0.052416943,1.0256486,9.377437,32.847477,0.097499594,1.0639896,-1.4340571,33.30302,0.0699012,1.1462941,2.0629394,33.86366,17.520038221513968,0.3197163595148261
332,-3.4908268,36.067062,0.13753448,0.11639953,-3.3614542,34.685017,0.18699333,0.18525219,9.263736,35.099415,0.18139018,0.16809368,0.80381835,35.792065,17.05287823468322,0.11658449001403116
333,5.2996025,35.41875,0.012774426,0.7473624,4.331946,34.440197,0.027784996,0.77759886,-5.0519233,34.429325,-0.0012213245,1.044723,1.5265416,35.077896,17.221915944751267,0.5179060922396058
334,-8.132541,41.45918,-0.17210065,-0.21880317,4.8112164,39.499825,-0.08284497,-0.23164392,5.5538907,40.96755,-0.020227192,-0.17478037,0.7441887,41.13356,15.845455843252584,0.26061744560668215
335,5.6557083,31.778894,0.016248383,0.6886091,-3.6017077,30.022026,0.03687766,0.9435146,8.738931,30.73199,0.048689276,0.8842058,3.5976436,31.295233,18.16422241178556,0.4287940379204205
336,8.073186,36.69446,0.18741071,0.20378184,-4.2809067,33.61615,0.2653574,0.37154412,-2.8894665,33.04708,0.31500864,0.45762634,0.30093774,34.929543,17.266623579637304,0.1126793130312994
337,-2.363583,34.044468,0.05237836,0.79402924,-2.1521254,32.685364,0.10401911,0.91601896,-2.9228933,33.625534,0.11318378,0.83072877,-2.479534,33.458195,17.61696676783246,0.13033319297004053
338,5.33357,22.30705,0.3531825,4.121003,-1.9418646,21.31446,0.412588,5.3515463,4.761088,20.705935,0.42536584,6.75673,2.7175977,21.705423,21.331886490951337,0.5868114341020363
339,-3.7895868,29.896088,-0.02326335,1.4545603,9.034944,27.619717,-0.034684226,2.1014175,-1.0088582,27.893896,-0.09441959,2.4153833,1.4121662,29.01563,18.867888403531378,0.42275732006682426
340,9.45328,34.051456,0.009305057,0.7237141,-4.2657957,33.09201,-0.0021963303,0.8996246,10.839078,31.217293,0.09646561,1.2128634,5.3421874,33.508865,17.518605260878605,0.5938448444693089
341,6.626247,36.780884,0.13000464,0.49319887,-2.5366735,35.622017,0.13193528,0.62756205,-2.3891587,34.821007,0.14541587,0.8701973,0.56680495,36.006252,17.002169471610312,0.38467928603290863
342,-1.7371827,27.603418,0.40366054,0.88364625,9.174648,25.514399,0.42110902,1.4557405,8.109819,25.321682,0.51727796,1.734992,5.1824284,26.623981,19.463831503765693,0.11570261988648635
343,3.238258,27.711393,0.031226048,0.72165775,-2.1707268,27.658052,-0.014242313,0.7045727,-1.4416014,26.810455,0.038340546,1.3037925,-0.12469006,27.501026,19.343735844494475,0.4814496902449905
344,-0.86664283,21.931087,0.27723786,5.009679,4.9955764,22.73541,0.25396758,3.4654646,5.806477,22.065054,0.28801167,4.6988354,3.3118036,22.444422,21.015092602177642,0.5660705820439299
345,1.9221951,33.729916,-0.34608123,1.518301,-8.740202,32.294598,-0.4746921,1.7620897,4.3563466,33.04442,-0.4421178,1.5947828,-0.82055336,33.5143,17.623596971001785,0.08047332224930771
346,4.491151,21.495045,0.29308337,3.3415318,4.508719,20.721207,0.32085192,4.0744395,5.9187512,20.528788,0.45880103,4.492214,4.9728737,20.929873,21.476973183962617,0.5972699850091888
347,-0.19636731,19.447557,0.49194682,9.650998,4.668816,19.526295,0.4991308,8.955202,0.09674777,18.45397,0.54259247,12.6552515,1.5230656,19.27796,22.402558408703612,0.4766408399078516
348,-2.8872786,31.634666,0.15168887,1.5246229,-4.5261407,31.353743,0.16655539,1.3699203,-0.7412872,30.571432,0.10570523,1.9521928,-2.7182355,31.228336,18.207045589714667,0.452107911239145
349,-2.88103,25.944923,0.14834239,0.8735118,4.32134,24.17793,0.20525654,1.3925939,4.2878785,23.861094,0.2532336,1.9363837,1.9093962,24.909744,20.177975591089886,0.1758171233703938
350,5.5138273,32.858566,0.07020243,1.1854358,6.359502,31.348194,0.060726874,1.4539099,-0.6575934,29.261763,-0.032306362,2.7336226,3.7385786,31.347473,18.145415553525723,0.504204353621677
351,1.1506224,30.934408,-0.05886516,0.624979,2.1872997,30.314135,-0.059206314,0.71498847,-2.583646,30.000998,-0.0360066,0.87729526,0.2514254,30.48791,18.447955059583776,0.6962981705298015
352,-1.7121234,21.86037,0.4094099,3.6741023,4.468244,20.780653,0.4677261,4.6604414,-0.2401673,19.699667,0.5259264,7.3848543,0.83865106,20.965307,21.69383502020225,0.644984496386945
353,3.1919296,29.75582,0.034389623,0.81036615,-3.3324378,29.311117,0.006448183,0.9620261,3.015124,29.227274,-0.018122643,1.0444422,0.9582053,29.588366,18.703832017292736,0.23839868319798332
354,1.0284748,19.22423,0.20313028,1.9290633,1.6545621,18.728382,0.23451087,2.7646718,0.3215675,18.24316,0.35744688,3.5448232,1.0015348,18.744118,22.661122676296344,0.7407967787238213
355,3.6944132,28.67037,-0.1642227,0.19242406,-4.5079885,27.44817,-0.3660937,0.42946935,-11.958167,24.306458,-0.3484815,2.369708,-4.2572474,27.621199,19.20398837097792,0.35923598428735987
356,-2.912705,34.006065,0.09692531,0.42816186,-3.577992,31.334068,0.15449928,0.6270735,7.7156153,30.965313,0.17054468,0.6170726,0.4083061,32.544346,17.880609074705585,0.08219150937196505
357,6.7687407,34.69512,0.0061337906,0.6472626,-3.8647354,33.085842,-0.0088474415,0.974242,-1.7943844,31.302717,0.10071594,1.3583927,0.36987364,33.37587,17.661618675894584,0.5136810286367857
358,5.748744,20.651089,0.39407477,5.5391703,-1.7083391,20.373472,0.41662467,5.806672,4.763539,21.179186,0.44454098,4.4668016,2.9346478,20.999405,21.602664519068576,0.6620012045767366
359,-8.341732,37.34738,-0.13245276,0.119360924,-5.567841,35.833496,-0.0829377,0.1492436,5.2180834,36.62452,-0.061014675,0.083850384,-2.8971632,37.07135,16.723591649062463,0.4562724343376228
360,9.313805,31.698767,-0.040859465,1.569706,-2.494598,30.946388,-0.014193395,1.6595392,-3.3428771,31.005375,-0.06491266,1.8952088,1.1587766,31.748705,18.09050212421599,0.5741250988188681
361,-1.4570587,26.09841,0.34119782,1.2222853,4.628326,24.253405,0.41729975,1.7438927,4.5170608,23.377468,0.469959,2.4082246,2.562776,24.766277,20.207332740723793,0.1572082509238402
362,-3.1488674,29.429718,-0.024407536,0.6786349,2.2504187,28.73195,-0.054425187,0.83397126,-2.6572022,28.740236,-0.059923753,0.9735739,-1.1852169,29.071527,18.854234708647752,0.2325807675109516
363,-1.7668698,24.467812,0.08937155,1.1143136,-2.1824577,22.98026,0.15955576,1.6543808,-2.2941718,23.283564,0.19062981,1.7458773,-2.0811665,23.587038,20.64365628776838,0.5125253236801534
364,-0.6663977,12.807099,2.4313312,42.421776,1.8013879,13.386227,1.9851367,31.615135,-0.87383443,12.234595,2.9216366,54.76045,0.08705193,12.875405,25.935387110157627,0.7788456521974937
365,3.6994495,38.500164,-0.18761395,-0.25081778,-4.998989,38.365494,-0.04030363,-0.21877408,5.305034,38.490414,0.009423084,-0.16318011,1.3351649,38.717598,16.367474021423426,0.246981897689628
366,4.9077053,25.537605,0.05715805,2.0439024,-2.6171458,25.330318,0.07232364,2.191338,5.2423716,24.2208,0.08159626,2.9734855,2.510977,25.297853,20.02655363366532,0.5252739563702129
367,0.98707503,8.411953,6.6742716,166.27364,2.2093136,8.103804,7.093541,181.26073,1.5993553,7.853363,11.76254,345.1349,1.5985813,8.141557,29.75236909808283,0.8351995551518895
368,-4.8088517,34.410015,0.006598557,0.72340536,-4.568025,33.64831,-0.027185934,0.7567308,-2.5855381,31.55542,-0.0047138315,1.3607693,-3.9874716,33.24144,17.635161523542457,0.5469886282048377
369,-6.786648,37.053574,-0.087247886,-0.018225193,-5.339434,35.05104,-0.05223585,0.0022361279,5.5030646,36.451553,-0.08549792,-0.016343355,-2.2076724,36.608234,16.84346214224543,0.5200281097748716
370,3.8010364,31.216932,0.1489523,0.38443637,4.783874,30.28178,0.20588842,0.5004313,4.1955676,29.457804,0.24755786,0.6603596,4.260159,30.330044,18.408495177601235,0.13401949529007356
371,-7.419614,40.89157,-0.077666394,0.15465236,4.3555055,39.42807,-0.08110452,0.25135422,-3.814003,40.30101,-0.033875443,0.15361261,-2.2927039,40.511986,15.965245831340134,0.4942674829613581
372,-1.5557382,26.21553,0.040357433,0.71511745,4.665412,25.417765,0.08731022,0.776917,-0.82984644,25.725111,0.15379493,0.9230323,0.7599425,25.937366,19.848559943601327,0.2576635352044154
373,-5.931645,39.16205,-0.1368257,0.4015584,3.832649,37.611423,-0.20773649,0.5951307,7.3784785,37.88298,-0.13258956,0.50886273,1.7598276,38.636898,16.381757789353887,0.5257292450082094
374,-1.3576667,23.509684,0.38054138,2.1473737,-1.150796,21.592016,0.49683976,3.5088649,6.7146935,22.148514,0.45717946,3.0875149,1.4020768,22.743748,20.977089297877388,0.3302367674085099
375,-2.9067824,22.704233,0.23777062,1.7413135,4.4165916,20.776981,0.30746758,2.7582316,-0.97036374,20.841835,0.3806589,3.4077754,0.1798152,21.682154,21.408456137699503,0.6316208026069264
376,7.6495175,32.246483,0.022882527,1.4720068,9.92381,30.366785,0.01935858,1.8643484,9.598228,30.693632,0.033965573,1.9156809,9.057185,31.129309,17.91450176467222,0.5712157245584717
377,5.8810506,38.243248,-0.14865017,-0.07821131,-3.5670881,37.12427,0.02122688,0.013880491,6.630641,37.797,0.046826344,0.068090916,2.9815345,38.008682,16.506506566016096,0.11443586044277239
378,-3.194601,24.192616,0.11044766,1.1564994,-2.10718,23.967648,0.10597839,1.1766348,3.841489,23.591913,0.1026362,1.540278,-0.48676407,24.117773,20.482290811696426,0.48556125610282247
379,-4.0028486,41.000645,-0.019591132,-0.03820443,-6.318773,38.57786,-0.0115838805,0.071229935,4.861142,39.15962,-0.006358116,0.108899355,-1.8201597,39.884922,16.105593235889934,0.2538827066065332
380,-0.5115704,30.879202,0.10419091,1.5828109,9.094972,30.070038,0.09073011,1.7084789,10.750219,27.90906,0.2081017,2.4077516,6.44454,30.058825,18.376186337213763,0.49846076686974966
381,9.9159,31.317493,0.3062038,0.8088355,-1.0263854,28.831877,0.39410412,1.2903552,-1.314259,28.717567,0.40004244,1.4210777,2.525085,30.103924,18.527892667237033,0.12377436447393346
382,10.212457,27.23581,0.18746454,1.9829988,7.412112,26.917534,0.20410666,1.9972496,10.455406,26.191944,0.18847607,2.6882071,9.359991,26.820898,19.0622296196876,0.43693830587204463
383,4.1646395,23.249313,0.20235106,1.2558527,-2.1548893,21.599102,0.2894166,2.1012359,-2.2013354,21.995298,0.29661652,2.0949073,-0.0638617,22.491972,21.090218138521728,0.3755629276628529
384,-2.8419127,31.623055,0.010498254,1.3993821,-0.7241836,29.515509,0.053506114,1.8389001,-1.2611496,29.954342,0.014822573,1.8871546,-1.609082,30.391167,18.463698430517827,0.3891153595607748
385,10.827724,29.492125,0.4049785,0.75045824,11.254166,26.359568,0.5200941,1.4418039,11.934727,26.194405,0.5966187,1.7217665,11.338872,27.39454,18.69076214826531,0.12030130650061065
386,-2.0245025,25.032671,0.13930355,1.0053573,-2.2396715,24.077595,0.12664625,1.2049079,3.3192995,23.960907,0.14897013,1.5366378,-0.31495818,24.49711,20.34778879421539,0.6018446409405308
387,8.756759,31.91552,0.015788948,0.5024977,6.602344,30.95517,-0.062188417,0.664011,-1.4665936,30.581556,0.015386922,1.0225472,4.6308365,31.465023,18.081177449342576,0.314306349562717
388,-2.2990546,27.67998,0.18691836,1.8137531,-0.5440144,26.438501,0.26471236,2.1093946,8.49165,26.691376,0.27650103,1.9865742,1.8828603,27.353607,19.36998276491608,0.2953091090513174
389,-4.666268,36.29377,-0.08121074,0.46664357,-4.1060786,33.989494,-0.078728415,0.664649,8.828475,35.004654,-0.035948936,0.53998065,0.018709488,35.657745,17.087724997306122,0.49987549542553955
390,-3.7268481,34.816715,0.025142668,0.63626647,-4.783283,32.61367,0.040582046,0.8491671,-4.1449285,33.850533,0.033697248,0.82642937,-4.2183533,33.77514,17.491638705425427,0.36783624983628616
391,6.4399977,32.18086,-0.14627571,1.7287016,6.439905,30.807905,-0.19190845,2.1421876,-3.1011143,30.8868,-0.272554,2.5355306,3.2595963,31.619705,18.08573848165641,0.48612136492508257
392,-0.985504,23.351513,0.31147596,2.2167487,-1.5876671,21.85735,0.38361305,3.3909354,-0.7397872,20.642937,0.4825734,5.233284,-1.1043195,21.981419,21.278741581879608,0.5775798324392883
393,-5.4256215,34.457886,-0.0014227775,1.1024985,-3.7878125,33.69536,0.020524863,1.1312828,5.397092,32.710663,0.019378254,1.3339877,-1.272114,33.964535,17.50420177776835,0.4660737409843452
394,-7.404093,39.380806,-0.11834695,0.1641376,-5.6085835,36.964073,-0.075698406,0.3242371,-2.9972227,37.128952,-0.050839417,0.40170908,-5.3366327,37.883907,16.476372243686022,0.297510827708769
395,-0.2265879,25.308624,-0.06494112,4.6464186,7.9839826,24.578552,0.056945324,4.793833,9.344016,24.689013,-0.032551117,5.118331,5.700471,25.217712,19.8802550273629,0.5288589204983994
396,5.292982,18.271614,0.6925485,6.746505,5.8954954,16.372093,1.0556142,12.957158,0.4172767,16.0917,1.2120739,16.127333,3.8685849,17.116161,23.246298931564148,0.49951681571628354
397,10.405602,28.42095,0.25484213,2.0124183,8.887526,27.159058,0.28265882,2.4502902,0.42145124,25.296288,0.35554653,3.753096,6.5715265,27.344437,19.149570604944056,0.3128156925024593
398,3.9362063,23.21933,0.270593,2.789092,4.579389,21.804361,0.32261306,3.9025965,4.9326396,21.428537,0.35518318,4.9659505,4.482745,22.167995,21.04221948238076,0.503994095066616
399,0.07258471,28.670996,0.1970951,1.5180564,-1.7866642,26.967934,0.1980495,1.9499216,0.64932466,26.048616,0.32182142,2.5408487,-0.3549183,27.270662,19.41615445547693,0.46537289980752683
400,3.7619617,34.92388,-0.019626126,0.9284637,-7.5186563,34.25222,-0.011812943,1.0125299,-6.795291,35.450615,-0.0151306465,0.9567189,-3.5173285,35.25801,17.142640202920333,0.3868506712022037
401,2.255393,29.693981,-0.0044968016,0.2976508,4.0804653,29.437304,0.007823815,0.2419765,4.2399764,28.993359,0.006027245,0.46379876,3.525278,29.390099,18.704743750854348,0.4588427522736422
402,-2.8685136,22.731491,0.0047857435,2.364159,-1.2379347,21.610136,0.024897361,3.309711,-2.3748548,21.640305,-0.011489934,3.6619601,-2.1604342,22.010754,21.236464712428177,0.21990461836295863
403,-1.0251427,18.151838,0.42267004,3.8362594,-1.8516489,19.205952,0.22383776,2.463388,2.2769394,15.623538,0.899842,11.765498,-0.19995075,17.813824,23.115113862053306,0.6082434475612476
404,3.3911228,23.108728,0.17500906,2.2069578,4.015792,21.649254,0.22940817,3.4646502,-0.70904535,21.546434,0.32643485,3.8269424,2.232623,22.212065,21.15536779045286,0.675230370734254
405,0.6110741,30.269495,0.11487791,1.3530097,9.64422,28.574375,0.17083926,1.4488463,10.81835,29.200249,0.13807458,1.64114,7.0245485,29.708471,18.43693534957446,0.4585009201084487
406,4.7353415,20.763216,0.41354573,3.4011288,-0.3551446,19.67215,0.5172988,4.9943137,-0.55144686,19.129217,0.61074036,6.4489098,1.27625,20.01665,22.085356468573583,0.7052772317467877
407,-5.1173196,32.123653,-0.06889334,0.20217061,-4.8004866,31.060432,-0.038620763,0.23728275,-3.4411461,30.658339,0.009866672,0.2856109,-4.452984,31.295364,18.134154084954858,0.457789726072994
408,-0.21247602,16.429403,1.1477063,14.831287,0.74739754,15.260015,1.4011134,19.818087,0.5924574,15.209581,1.5684636,23.393541,0.37579298,15.64881,24.238673067887525,0.6068872239343622
409,5.966222,36.75823,-0.10085,0.034888983,-3.5861967,35.33633,0.01036152,0.12950563,7.3006763,37.114193,-0.0073800404,0.003784418,3.2269006,36.732388,16.796432959938826,0.1155875177086006
410,1.7060354,13.304136,1.2197523,17.421745,2.1473145,13.899775,0.820354,10.567596,-1.2124466,12.548632,1.7835835,29.616467,0.8803011,13.345894,25.604995983894213,0.8046279063202214
411,-2.163093,25.081348,0.107245766,1.4905705,-3.2551277,25.061356,0.08340324,1.3550763,-1.8919897,24.926872,0.11218893,1.6128125,-2.4367368,25.030222,20.120543838587253,0.7094978506281828
412,10.036902,31.524446,0.25464508,1.2573447,9.442041,29.948017,0.23823516,1.7633996,2.1583302,28.50217,0.19265045,2.7750626,7.2124248,30.2299,18.281634766329297,0.2683322508881389
413,6.6185665,18.790573,0.611938,6.505246,5.792896,18.436443,0.6515533,7.0962954,-0.029802939,18.782238,0.658313,6.702691,4.1272197,18.903463,22.39773704640345,0.4280179750785393
414,1.1262641,30.354248,-0.035933845,0.72998214,1.7622156,28.710295,-0.0063085565,1.0201197,-2.6360023,28.891987,0.02199675,1.1220655,0.08415916,29.392231,18.766117308020437,0.4996897423934734
415,-0.8087086,33.942944,0.12764902,0.7810478,10.796668,31.585281,0.14633413,1.0558372,11.082779,33.194523,0.08543818,0.8800514,7.0235796,33.385067,17.47167209910246,0.27291014813328246
416,-7.8171625,35.679413,-0.036100436,0.9010534,1.6252704,33.845493,-0.032980528,1.0611267,-6.2412243,33.724247,-0.10543343,1.3854079,-4.144372,34.674862,17.268908113126933,0.4951981323848263
417,-0.43318626,27.112629,0.278999,2.0998545,10.160217,26.981077,0.269244,1.7813835,1.4618552,25.763176,0.31363356,2.8323898,3.7296288,27.022453,19.414355929569922,0.5079147459290407
418,-4.6148057,38.502438,-0.020181078,0.2974248,-7.150494,36.440643,-0.046304327,0.4662478,6.557729,36.058,-0.025591213,0.5435324,-1.7358569,37.491898,16.64275521607418,0.47093377570064404
419,0.77406144,26.2612,0.425162,3.16987,9.236545,25.394608,0.47471234,3.2432652,12.458144,25.774628,0.43945065,3.1747012,7.4895835,26.278666,19.39956216461073,0.3868945195643993
420,-2.42865,19.956577,0.4104596,4.10383,-2.7786922,18.420414,0.5284969,6.115117,-0.13759267,17.934704,0.71445733,9.458199,-1.7816449,18.826805,22.59655067583357,0.4910728238604016
421,1.8468575,9.825754,4.44224,100.46311,-1.4460249,9.464718,4.9213543,117.66677,-0.89327013,9.6111765,5.121334,121.656235,-0.16414583,9.742005,28.356603215185046,0.7753574349063502
422,6.8167906,37.444744,0.008108834,0.07875633,-3.6087022,35.275948,0.032015115,0.19569468,8.395678,35.778774,-0.009957844,0.22781897,3.8679218,36.568287,16.820393488049184,0.14334973766077397
423,-1.8174499,21.258974,0.22843127,4.518924,-2.6332514,20.586302,0.24250944,5.0382776,3.9241726,20.605957,0.2686064,5.6793365,-0.17550959,21.022919,21.676641489970155,0.6366748130171974
424,3.4034147,29.379868,0.06397664,-0.0050275326,-1.9082865,28.843658,0.0851557,0.03395629,-1.4734803,29.161453,0.08462348,0.036087513,0.007215994,29.228521,18.814666342899265,0.09437665599169726
425,0.8440477,24.38632,0.34804758,4.17041,0.281313,22.389479,0.49045458,5.4283543,1.9159597,23.924809,0.47994158,4.1270247,1.0137734,23.592068,20.66747112846719,0.21587763670663718
426,-1.2100757,14.879758,1.0939248,14.214651,1.8747246,15.008803,1.0302885,12.894124,-0.6643409,13.837493,1.6207612,24.167133,0.000102635604,14.646589,24.816072996932643,0.6742137030164049
427,1.649846,12.540803,0.8032856,10.3768425,2.0205555,12.003315,0.9714577,12.838526,-0.15131943,11.871884,1.1855208,16.105347,1.1730274,12.179114,26.378387601031083,0.4042528366532732
428,4.713539,27.54914,0.1841669,0.7068472,5.8178697,26.633165,0.22780326,0.83753705,-0.17184044,26.152344,0.24659882,1.0454078,3.4531894,26.910635,19.461395460063642,0.24231086902391638
429,8.465591,36.675884,0.098132424,0.16226172,-3.6953723,34.511627,0.1723391,0.339602,-3.758413,34.417103,0.19018553,0.3817618,0.3372687,35.682938,17.081203326083568,0.22671011555296658
430,-2.3416212,22.540771,0.06519318,4.7747784,-2.9418411,22.04118,0.073347464,5.128433,3.9113178,21.408709,0.029762741,6.804327,-0.4573815,22.21892,21.194504725479142,0.6037414436785781
431,-2.1327465,22.772692,0.14340867,1.7884016,-3.5445316,21.148008,0.19421504,2.8741736,-3.2946749,21.22524,0.2170244,3.4015112,-2.9906511,21.73691,21.305406565006834,0.600585545784115
432,-5.512625,35.59757,0.004711217,0.8783176,6.8335943,35.200718,0.0046291826,0.84988,7.5435214,32.931263,0.070272215,1.2520018,2.9548302,35.111935,17.19105994606409,0.5128013397177865
433,-1.0305,22.80357,0.23800549,1.7157507,-1.879265,20.653778,0.3767435,3.238768,4.3109574,20.748678,0.4207404,3.6264138,0.46706414,21.599478,21.439907856254358,0.5948542943488208
434,-2.1385622,29.644514,0.13325912,0.53837776,4.52033,28.561962,0.16039394,0.68692255,4.0240765,27.744408,0.20907994,0.8369565,2.1352816,28.82046,18.91301151505641,0.4212950192068036
435,-3.3165698,37.220215,0.007893173,0.41892195,7.389185,35.390606,-0.007181728,0.52446723,-2.3796074,35.922005,0.03597116,0.59164476,0.56433594,36.50816,16.881967733945416,0.2810533298258323
436,8.6916895,31.67159,0.024715953,0.93849707,-2.5936108,29.47391,0.01716409,1.435473,8.273315,30.77602,0.069954924,1.0449243,4.790465,31.09576,18.17491289075281,0.5863593795924431
437,8.648994,36.614487,0.065098725,0.38001156,7.986294,35.565147,0.022814218,0.5068464,-1.8906809,33.60895,0.068085834,1.0988169,4.914869,35.612522,17.016808488209325,0.3020363225189788
438,8.075723,33.793304,0.16844374,0.6947479,-1.1031041,31.925606,0.19901197,1.0823317,10.533463,29.082247,0.25847107,1.8742566,5.8353605,32.0533,17.871744834116793,0.3583830532511867
439,-0.7125949,17.905142,1.0737207,12.413105,5.708102,18.041424,0.9921547,11.540275,0.95923436,15.568903,1.6647867,24.640736,1.984914,17.422863,23.252407955381564,0.5393425065483622
440,-2.6326194,35.06998,0.17552166,0.52696943,8.827234,34.217155,0.1597934,0.52864695,10.188553,30.703104,0.20976022,1.3445096,5.4610558,33.87519,17.421741467579487,0.35132434002611523
441,4.0262055,23.061836,0.22164425,3.033453,-1.455442,22.143047,0.3032833,3.62578,5.652662,21.82874,0.3761243,4.0095253,2.7411418,22.556568,21.00167617934509,0.5694048526690715
442,0.85125357,35.85405,-0.57585436,0.8488319,0.5091427,35.31668,-0.57830286,0.922034,-9.369837,36.045998,-0.56810164,1.0154872,-2.6698134,36.053146,16.96818909953493,0.26863120910931343
443,8.753714,35.476875,0.15617068,0.18686962,7.160663,34.525772,0.16461706,0.26519442,-2.6202667,33.38188,0.2192197,0.43345046,4.43137,34.836975,17.220285576404525,0.1124792930379545
444,6.1464043,37.520912,-0.2155263,0.072981596,-5.15305,36.004345,-0.09635703,0.09069657,-2.089488,37.000095,0.053414606,0.20535159,-0.365378,37.154797,16.730086408674005,0.057545399436809225
445,-0.9507715,19.968977,0.2640862,7.924608,-1.0880797,19.071053,0.30452937,9.4740715,-1.5118996,18.989544,0.24933025,10.660432,-1.1835836,19.349754,22.381075833039006,0.6884983849158619
446,5.3345065,40.78997,-0.18702789,0.027660131,-3.4719367,40.517475,-0.016432514,-0.05182171,8.7688465,38.573906,0.11882298,0.24849105,3.5438054,40.30369,15.990460381812206,0.2428684737069562
447,-2.005964,32.92335,-0.01149673,1.1178927,-2.6486325,30.754559,-0.019278351,1.6644678,-1.4001833,31.110483,0.13204686,1.3511648,-2.01826,31.614511,18.115410656993326,0.5205050451311408
448,4.1374016,25.81608,0.0023313733,2.0324306,-1.4974564,25.044603,0.06681275,2.1758957,-1.8735336,26.337002,0.0561498,1.3175626,0.2554705,25.88445,19.86960122696456,0.17131378395600627
449,10.609594,27.939768,0.08480993,1.9977341,8.959851,25.893696,0.115909524,2.8503838,0.37609038,27.504475,0.06645496,2.517686,6.648512,27.495369,19.098828764977917,0.2772756272341467
450,-1.817583,37.526962,0.26056132,0.11468768,9.264011,34.26072,0.304149,0.24776387,8.041466,32.750065,0.33720085,0.34912205,5.1626315,35.253696,17.094559519059878,0.060510906868328586
451,-2.6998,25.54788,-0.0755392,0.053294897,-2.974148,24.898092,0.009287085,0.17777228,-2.686942,25.038788,0.060425412,0.20778418,-2.7869635,25.163485,20.06243950966573,0.49881318680857567
452,-2.6090112,30.062422,-0.04429317,1.0517712,-3.333076,28.603628,-0.051355544,1.3487601,-2.7816017,27.916609,-0.081483126,1.9791851,-2.9078963,28.876404,18.876122834041844,0.47980794029189533
453,-4.775855,37.24596,0.05741334,0.20885134,-5.4668374,35.23346,0.09280838,0.29249,-2.7635307,35.666466,0.11034236,0.28876448,-4.3354077,36.077232,16.923872352218822,0.23035666555668333
454,8.119998,30.717144,0.22694676,1.0444355,-0.8796105,27.62226,0.28769425,1.9635983,0.9214787,23.838125,0.35355717,4.8094645,2.720622,27.809713,19.205506230916033,0.42462732070437004
455,2.9840884,33.402214,-0.029710917,-0.1520288,3.0678146,32.20122,0.08437621,-0.016614914,-2.810301,32.150543,0.12961079,0.0742054,1.0805341,32.705734,17.833587586755762,0.3457523233835453
456,-1.7998148,30.279718,0.21908338,0.28768635,-0.94050896,28.564077,0.26898423,0.46331024,-2.0560837,27.328463,0.29801822,0.7163131,-1.5988026,28.753525,18.943575196616177,0.28602147532259103
457,7.188173,34.88007,0.015555001,0.7642107,5.429764,34.335777,0.028111992,0.78011894,7.326053,33.618423,0.07366204,0.90322995,6.6479964,34.29285,17.266509478299636,0.4573077006069479
458,1.1285231,21.998093,0.08816236,0.2943778,1.8829527,21.123255,0.15596208,0.60290766,2.5259485,20.333368,0.22259781,1.0263567,1.8458081,21.170202,21.583413593861405,0.7065803059972411
459,0.014101725,40.946682,-0.24762447,0.1899414,3.3890224,40.115856,-0.20885862,0.16031814,5.134162,41.28549,-0.12236562,-0.019560099,2.845762,40.84097,15.887848173834625,0.09175193269331115
460,-4.037145,29.103403,0.021077195,0.30872345,-1.8901565,28.56659,0.022394892,0.3353474,2.8381782,28.46816,0.020645307,0.39067292,-1.0297078,28.85735,18.920148649831123,0.4399095205957506
