image,runtime_seconds
001,0.6597834999847692
002,0.3877762000192888
004,0.3842057999863755
005,0.3881814999913331
006,0.3846995999920182
007,0.38292550001642667
008,0.3785400000051595
009,0.38203960002283566
010,0.3768205000087619
011,0.3752767000114545
012,0.3701030000229366
013,0.3742027999833226
014,0.3746448000019882
015,0.3759169999975711
016,0.37141290001454763
017,0.37243009998928756
018,0.37032950000138953
020,0.3712976999813691
021,0.36902939999708906
022,0.36812389999977313
024,0.3678879000071902
025,0.37486189999617636
026,0.37744690000545233
027,0.3798205000057351
028,0.38206890001310967
029,0.3828491999884136
030,0.37182499998016283
031,0.373312799987616
032,0.37060540000675246
033,0.3666054999921471
034,0.3666464999841992
036,0.36824380001053214
037,0.36368969999602996
038,0.3656630000041332
039,0.36115549999522045
040,0.3652118000027258
041,0.3632641999865882
042,0.36155000000144355
043,0.36509940001997165
045,0.36725340000703
047,0.365699299989501
048,0.366940700012492
049,0.3639639000175521
050,0.36712479998823255
051,0.36279990000184625
052,0.3688570999947842
053,0.373318099998869
054,0.37818080000579357
055,0.37378600001102313
057,0.37114559998735785
058,0.3684456000046339
059,0.37502170001971535
060,0.3680846999923233
062,0.3762122999760322
063,0.37357470000279136
064,0.3747838999843225
065,0.37679900001967326
066,0.3805665000109002
067,0.375931100017624
068,0.3782479999936186
069,0.37357220001285896
070,0.37211219998425804
071,0.370144699991215
072,0.37274469999829307
073,0.3799421000003349
074,0.3737610000243876
075,0.37426690000575036
076,0.37515109998639673
078,0.37090200002421625
080,0.37063200000557117
081,0.3714689000044018
082,0.37176759997964837
083,0.37817149999318644
084,0.37797289999434724
085,0.37210410000989214
086,0.37404580001020804
087,0.3794208999897819
088,0.3814362999983132
089,0.3769646000000648
091,0.3726809000072535
092,0.3790543999930378
093,0.38232949998928234
094,0.3777943999739364
095,0.3770541000121739
096,0.37391070000012405
097,0.37009779998334125
099,0.3709011999890208
100,0.37271419999888167
105,0.3721015999908559
106,0.37445289999595843
107,0.3757803999760654
108,0.3765290000010282
109,0.37626549997366965
111,0.3740311000146903
113,0.37163609999697655
114,0.37436640000669286
115,0.3721525000000838
117,0.37460450001526624
118,0.3724797999893781
119,0.37466499998117797
120,0.37710479999077506
122,0.3785539999953471
123,0.3727742000191938
124,0.3759773000201676
125,0.37052139997831546
126,0.374164800014114
128,0.3803329000074882
129,0.3755251999828033
130,0.3727610999776516
131,0.3754711999790743
133,0.3729505999945104
134,0.37364760000491515
135,0.3778442000038922
136,0.3710676000046078
137,0.37185589998262003
138,0.3771192000131123
139,0.3746097000257578
141,0.3756264000257943
142,0.3760564000112936
143,0.3687717999855522
145,0.3750296999933198
146,0.37130070000421256
148,0.3778057000017725
149,0.38202170000295155
150,0.39039749998482876
151,0.3801265000074636
153,0.3845625999965705
154,0.3799785999872256
155,0.3818279000115581
156,0.3769341000006534
157,0.38024319999385625
158,0.37600129999918863
159,0.3790661000239197
160,0.37183099999674596
162,0.37287589997868054
163,0.3683352000080049
164,0.3743235000001732
166,0.3734175999998115
167,0.3708906000247225
168,0.37098790000891313
169,0.37427940001362003
170,0.37811569997575134
171,0.378402999980608
172,0.3780273999727797
173,0.3717225000145845
174,0.3727712999971118
175,0.37079820001963526
176,0.3721785999950953
177,0.3770665999909397
178,0.37522529999841936
179,0.37858499999856576
180,0.37453849997837096
181,0.3770628999918699
183,0.3767175000102725
185,0.3710942000034265
186,0.37187669999548234
189,0.3753246999986004
190,0.38934670001617633
191,0.3845498000155203
192,0.3769724000012502
194,0.3769873999990523
196,0.371496500010835
197,0.38035170000512153
198,0.37134749998222105
199,0.3772558000055142
200,0.37748340002144687
201,0.3798147999914363
202,0.37657180000678636
203,0.368566599994665
204,0.37261880000005476
205,0.370399700012058
206,0.37592779999249615
208,0.36851209998712875
209,0.37013300001854077
210,0.3710625999956392
211,0.37283369997749105
212,0.3710115999856498
213,0.3753240000223741
215,0.37698979998822324
216,0.3759128999954555
217,0.37410190000082366
218,0.37626650001038797
219,0.3727851000148803
221,0.3759014999959618
224,0.3738303999998607
225,0.370864900003653
226,0.367209299991373
229,0.37236000000848435
230,0.36660189999383874
231,0.3696681000001263
233,0.36775390000548214
234,0.3715993000078015
235,0.375103800004581
236,0.3734546999912709
237,0.36949680000543594
238,0.3720848999801092
239,0.36760399999911897
240,0.37195330002577975
241,0.3715364999952726
243,0.37314789998345077
244,0.3710334000061266
245,0.3761651999957394
246,0.3709548999904655
247,0.3747146000096109
248,0.3696543000114616
249,0.37643750000279397
250,0.36908539998694323
252,0.3782694000110496
253,0.37246639997465536
254,0.3776676999987103
255,0.3740799999795854
256,0.3725415999942925
257,0.37033510001492687
259,0.37444759998470545
260,0.37112409999826923
261,0.3765996999864001
262,0.3782517999934498
263,0.3784680000098888
266,0.37688840000191703
267,0.37443009999697097
268,0.37861859999247827
269,0.37851640000008047
270,0.3710315999924205
271,0.3762679999927059
272,0.3703704999934416
273,0.38625760001013987
274,0.3787473999836948
275,0.3791998000233434
278,0.37591830000746995
280,0.3745131999894511
282,0.37201099999947473
283,0.37376960000256076
284,0.3699372000119183
286,0.3724996000237297
287,0.3724753000133205
288,0.37154310001642443
290,0.37301869998918846
292,0.3712502999987919
293,0.3675261000171304
294,0.37236069998471066
295,0.37268120000953786
296,0.3746722000068985
297,0.3710101000033319
298,0.37444509999477305
299,0.37180970000918023
300,0.37398589999065734
301,0.37385669999639504
302,0.3805675999901723
304,0.3755366999830585
305,0.39410659999703057
306,0.3977510999829974
307,0.38781779998680577
308,0.3926305000204593
309,0.39220899998326786
310,0.3955728000146337
311,0.38931070000398904
312,0.3903855999815278
313,0.3902030999888666
314,0.3954039999807719
315,0.3946273000037763
316,0.38855250002234243
317,0.382049099978758
318,0.38244219997432083
319,0.37279940000735223
320,0.3740008999884594
321,0.37004109998815693
322,0.3747552999993786
324,0.37753929998143576
325,0.38061029999516904
326,0.38332850000006147
328,0.3819218000280671
329,0.3799849999777507
330,0.38018569999258034
332,0.3792306999966968
333,0.3744661999808159
334,0.38077280001016334
335,0.3871394000016153
336,0.38119439998990856
338,0.3793844000028912
339,0.37833159998990595
340,0.3736897000053432
342,0.38222440000390634
343,0.37800290001905523
345,0.375050700007705
347,0.37284709999221377
348,0.37179410000680946
349,0.3721713999984786
350,0.368984000000637
351,0.3746677000017371
352,0.3749218999873847
353,0.376524099992821
354,0.37550279998686165
356,0.3739227000041865
357,0.36959859999478795
358,0.3709337000036612
359,0.3721533000061754
360,0.36988249997375533
361,0.3713834000227507
364,0.3765018999984022
366,0.3830262999981642
367,0.3783103000023402
368,0.3817350999743212
369,0.3804355000029318
371,0.3799068999942392
372,0.37442350000492297
373,0.37176979999640025
374,0.36749639999470674
375,0.36821379998582415
377,0.3697755000030156
378,0.3713409000192769
379,0.37223989999620244
380,0.37362949998350814
381,0.37092450002091937
384,0.3745487999985926
385,0.37447169999359176
386,0.3829464000009466
387,0.3879809999780264
388,0.38687230000505224
390,0.38364019998698495
391,0.37451240001246333
392,0.3711621999973431
395,0.37146530000609346
396,0.38566300002275966
397,0.3771890999923926
398,0.37573910001083277
400,0.3843277999840211
401,0.381406699976651
402,0.38569599998299964
404,0.3876393999962602
405,0.3805374000221491
410,0.37821850000182167
412,0.37536700000055134
413,0.37584890000289306
415,0.38153839998994954
416,0.3740445000003092
417,0.37855280001531355
418,0.37850629998138174
419,0.37174919998506084
420,0.3736118999950122
422,0.3744668000144884
424,0.372815399983665
427,0.37569029998849146
428,0.37651020000339486
429,0.3722641000058502
430,0.37038900001789443
431,0.3714666000159923
434,0.3724649999930989
435,0.37401570001384243
436,0.3763574000040535
437,0.373981000011554
438,0.37752399998134933
439,0.3748201999987941
441,0.38649639999493957
443,0.38486449999618344
444,0.37855120000313036
445,0.3797097000060603
446,0.38169379997998476
447,0.38662059998023324
448,0.3887943000008818
450,0.38421270000981167
451,0.3852478000044357
452,0.38034140001400374
453,0.3820484000025317
455,0.3895825000072364
457,0.37926359998527914
458,0.37704689998645335
459,0.3773432000016328
460,0.3916336999973282
