image,split,true_severity,robust_scale,mean_abs_z,p90_abs_z,p95_abs_z,positive_tail_fraction,negative_tail_fraction
1,train,1.1135137334964385,0.906374,0.7406607,1.486345,1.9636666,0.00518665452653486,0.0022058185917447105
2,train,0.8724377105932243,0.6741562,0.5542708,1.0719503,1.3146554,0.0011814949705168227,0.0005528095733610822
3,validation,1.16995467006133,0.97516567,0.8095575,1.6539917,2.0299428,0.008172910163024627,0.0013549254249046133
4,train,0.471737131087787,0.32417622,0.26866582,0.5587664,0.6812068,0.0003035032951786334,0.0
5,train,0.5231371923673289,0.3580596,0.30569282,0.637066,0.77769846,0.00024930627818244884,0.0
6,train,1.1946597749861965,1.0157297,0.84053767,1.6662027,2.0647898,0.010237816510579258,0.0015500346860908775
7,train,0.969696145888771,0.8692787,0.6511813,1.1741576,1.442973,0.0018752167880679846,0.0014470603537981269
8,train,0.8793171077611397,0.82334065,0.66435456,1.3636318,1.6264383,0.0008183749566423864,5.419701699618453e-06
9,train,1.0841185174832664,0.9788915,0.7531343,1.4038363,1.8167386,0.003652878945542837,0.0032247225112729794
10,train,1.1738716879172628,0.96872306,0.8051038,1.5855342,2.0393472,0.012709200485605272,0.0016475893166840096
11,train,1.061975610094688,0.8842588,0.7215744,1.4061313,1.7894098,0.008140391952826917,0.0010893600416233091
12,train,0.8166818912627493,0.65760475,0.51703477,1.0234649,1.2102728,0.0009267689906347554,0.0001734304543877905
13,train,0.7432234920953111,0.46931592,0.43067923,0.8255847,0.91707915,0.0015717134928893513,0.00013549254249046132
14,train,1.1415513659694982,0.98551077,0.8122641,1.5290222,1.8036298,0.008395117932708984,0.00027098508498092264
15,train,0.8649571204052556,0.7171079,0.58050346,1.1247095,1.3146851,0.0013332466181061394,8.671522719389525e-05
16,train,1.240633560271749,1.034411,0.87246317,1.9213809,2.382176,0.006942637877211238,0.006888440860215054
17,train,0.8390743571501175,0.67725486,0.5600449,1.0775067,1.3691355,0.002677332639611516,0.0006124262920568852
18,train,1.213337794055492,0.9660746,0.8185792,1.6616856,2.1087883,0.009961411723898717,0.0023575702393340272
19,validation,0.8453061531634464,0.62884706,0.5204934,1.0220964,1.193131,0.001615071106486299,0.0001029743322927506
20,train,0.7681281221950583,0.66355085,0.5273624,1.0503336,1.226942,0.00042815643426985777,5.9616718695802984e-05
21,train,1.043959870845047,0.85047823,0.6835486,1.265383,1.5291073,0.006687911897329171,0.0008834113770378078
22,train,0.7632083179328683,0.6173774,0.49767563,1.0019869,1.1743178,0.0008942507804370447,2.7098508498092266e-05
23,validation,0.5237633020412751,0.32693067,0.32010618,0.7101957,0.81745917,0.0007750173430454388,5.419701699618453e-06
24,train,1.2171950449988873,0.95863366,0.800014,1.6857029,2.2327247,0.009685006937218176,0.005072840790842872
25,train,0.9397146638406906,0.8170263,0.65647477,1.2595559,1.6362731,0.002005289628858828,0.001674687825182102
26,train,0.8499251462429648,0.69889855,0.556666,1.0994918,1.3599223,0.000861732570239334,0.0003360215053763441
27,train,0.9078644367263634,0.7348743,0.60791945,1.196202,1.4031326,0.0016259105098855359,0.00013007284079084288
28,train,0.4742839165599703,0.25283498,0.2769548,0.6416374,0.7808293,0.00037395941727367323,0.0
29,train,1.13558385827009,0.8611895,0.70842355,1.3211012,1.5547117,0.005820759625390219,0.0006178459937565036
30,train,0.7921288291691372,0.8638369,0.6798346,1.1821705,1.2723749,0.0,9.21349288935137e-05
31,train,0.9341179382804524,0.7731996,0.6331756,1.2711498,1.5677142,0.0025310006937218177,0.0004389958376690947
32,train,0.8599499103779575,0.70719373,0.58387446,1.1708133,1.4090254,0.0014741588622962192,0.00010839403399236907
33,train,1.246939019979685,0.9978796,0.8022835,1.5114424,1.8458152,0.01099657474852584,0.0016963666319805759
34,train,1.1420454716794235,0.98859787,0.78514415,1.5181879,1.7668239,0.005181234824835241,0.0008183749566423864
35,validation,1.1926704625009776,0.98428094,0.7981969,1.5590159,2.0204506,0.014568158168574402,0.002167880679847381
36,train,1.2315807374614651,1.0612087,0.865211,1.806382,2.3338585,0.007099809226500173,0.00830298300381547
37,train,0.8724590208763536,0.8433544,0.66949236,1.3338103,1.6018307,0.0006178459937565036,0.0003089229968782518
38,train,0.4933853413401734,0.31465754,0.28492355,0.62391925,0.76829743,0.00038479882067291016,0.0
39,train,1.0633759046513638,0.91120505,0.7602295,1.5755924,2.0285695,0.005495577523413111,0.0016692681234824836
40,train,1.0810990786993138,0.8773173,0.72786516,1.4192557,1.8777796,0.00634105098855359,0.00234673083593479
41,train,0.9047260248152852,0.7487546,0.60641146,1.1676986,1.4303831,0.0034035726673603884,0.0006070065903572668
42,train,1.1306222303883908,0.98845536,0.8013601,1.6036955,2.0031984,0.005782821713492889,0.0021787200832466182
43,train,1.229648273286486,0.9884845,0.8425245,1.845051,2.3635395,0.009592872008324661,0.006373569198751301
44,validation,1.1388862090534946,0.9446026,0.7797318,1.4459403,1.7206786,0.009890955601803676,0.0005311307665626084
45,train,0.7666932740152291,0.56587595,0.48376265,0.9567417,1.1686901,0.0015229361775927852,0.0001517516475893167
46,validation,1.1384001264497692,0.97978014,0.81094396,1.6037182,2.0785651,0.01240027748872702,0.0021624609781477626
47,train,0.4906632677805814,0.38588503,0.31364757,0.6518147,0.78669965,0.000287244190079778,0.0
48,train,1.2106759809004162,1.0831072,0.8765123,1.692432,2.001203,0.008752818244883801,0.0012194328824141518
49,train,1.1339737147632225,1.0103931,0.7938654,1.5537895,2.0359147,0.004487513007284079,0.003067551161984044
50,train,0.9236726877851004,0.7677316,0.6201974,1.2271768,1.4564968,0.002536420395421436,0.0001409122441900798
51,train,0.6004837934417665,0.45424888,0.381625,0.7710568,0.9033718,0.0004931928546652792,0.0
52,train,1.2535943046751092,0.9987167,0.8537233,1.7717584,2.3057804,0.015126387443635102,0.0028778616024973985
53,train,1.1752780911248304,0.95067066,0.8219152,1.7701051,2.3494508,0.013766042317030871,0.003940123135622615
54,train,0.5900214479139739,0.46310845,0.37756974,0.77365184,0.9098379,0.00024930627818244884,5.419701699618453e-06
55,train,1.0379588008137726,0.882666,0.7131145,1.3595687,1.7198831,0.008736559139784945,0.0013440860215053765
56,validation,0.898528363404182,0.7381707,0.6006161,1.1871915,1.5055763,0.0020161290322580645,0.0005202913631633715
57,train,1.208139322615564,1.0311737,0.8472225,1.6202798,2.0071528,0.014459764134582033,0.0012898890045091919
58,train,1.2349097985191304,0.95034105,0.8158526,1.6630609,2.291103,0.014248395768296913,0.004514611515782171
59,train,0.5107143526397243,0.3875724,0.31589526,0.65584266,0.78769976,0.00038479882067291016,0.0
60,train,0.5813411350261203,0.47403708,0.38368502,0.79022825,0.92191464,0.00040647762747138397,0.0
61,validation,0.9407969334714568,0.7936302,0.66756827,1.3265713,1.8981036,0.003717915365938259,0.0014904179673950746
62,train,1.23633994945441,0.9673732,0.843301,1.8890315,2.4524457,0.012308142559833507,0.008525190773499827
63,train,1.1737789906789533,0.95081484,0.73478806,1.3596603,1.8369117,0.005208333333333333,0.004520031217481789
64,train,0.9371091287196258,0.8118713,0.6579252,1.3016498,1.6081545,0.002270855012140132,0.00045525494276795007
65,train,1.1445324766981575,0.92350286,0.7572531,1.4089383,1.9234045,0.009782561567811307,0.004384538674991329
66,train,0.8262537628303542,0.6990938,0.558495,1.1115067,1.3279966,0.0009863857093305585,0.0001734304543877905
67,train,0.6107341415313532,0.4044496,0.37751314,0.74167556,0.8518077,0.0007154006243496358,0.0
68,train,1.0620458130138792,0.9308908,0.74786276,1.3331239,1.5187837,0.00679630593132154,0.00015717134928893513
69,train,1.24108525592909,1.0239211,0.8368048,1.6776367,2.211711,0.011728234477974333,0.004286984044398197
70,train,0.9142694104475144,0.8805508,0.6850298,1.336489,1.6186588,0.00105142212972598,0.0007316597294484911
71,train,0.8472290912416631,0.6208288,0.51363313,0.98858,1.1588295,0.0014904179673950746,0.00026014568158168577
72,train,1.1470071480249582,0.96710837,0.7902347,1.5181879,1.937109,0.015045091918140826,0.00189147589316684
73,train,0.6201027273807035,0.4893844,0.39840075,0.8290623,0.9407926,0.0004118973291710024,2.1678806798473812e-05
74,train,1.190443233685803,0.98911196,0.843633,1.9064214,2.2775922,0.0014904179673950746,0.005847858133888311
75,train,1.1602031487780902,0.9887154,0.8333013,1.7224962,2.1166608,0.009083420048560527,0.000872571973638571
76,train,0.5929433086281547,0.35631675,0.3270278,0.675893,0.78953797,0.0005853277835587929,0.0
77,validation,1.2270554482878606,1.0702742,0.88212615,1.8683417,2.3489592,0.012080515088449532,0.002764047866805411
78,train,0.5609834539588535,0.40806296,0.3388383,0.7048127,0.84928083,0.00037395941727367323,0.0
79,validation,0.9285042538760164,0.75432193,0.6047417,1.1439719,1.3823564,0.003620360735345127,0.000514871661463753
80,train,1.102031239701893,0.8965415,0.775826,1.4061884,1.7095209,0.015375693721817551,0.0005690686784599376
81,train,1.224621060466384,1.0335573,0.8327627,1.6806773,2.1769154,0.006877601456815817,0.006828824141519251
82,train,1.081315066866462,0.91476274,0.7659306,1.6023892,2.080032,0.0049048300381547,0.0018210197710718003
83,train,0.4921358703590843,0.32042798,0.28028262,0.6134691,0.7680637,0.00023304717308359347,0.0
84,train,1.1355299569821675,0.9231555,0.76362634,1.5574939,2.0928385,0.0071377471383975025,0.002791146375303503
85,train,1.205135049282289,0.9756321,0.81286806,1.6048452,2.1774418,0.015473248352410684,0.003425251474158862
86,train,1.18635117458766,0.9515979,0.7722414,1.5263779,1.94812,0.009782561567811307,0.002428026361429067
87,train,0.9579490488383416,0.78207433,0.6614166,1.3232256,1.8722119,0.005365504682622269,0.001279049601109955
88,train,1.0834695886825372,0.9554935,0.76708686,1.5230033,1.9723266,0.005273369753728755,0.0022545959070412766
89,train,0.8188240693504951,0.6681558,0.52264994,0.9764677,1.1007885,0.0011164585501214014,0.0001842698577870274
90,validation,0.3793252854405926,0.21680713,0.19215065,0.3978202,0.52032256,0.00029808359347901494,0.0
91,train,1.187512959802359,0.98219806,0.8134012,1.6632389,2.2119567,0.010655133541449879,0.004704301075268817
92,train,0.8533095673524976,0.70810723,0.5718016,1.1505433,1.3694391,0.0011706555671175858,7.04561220950399e-05
93,train,1.1951535949495589,1.0266087,0.84852594,1.7751814,2.2327247,0.0024930627818244883,0.008281304197016996
94,train,1.18625777311656,1.0085312,0.8508228,1.7787322,2.343519,0.014085804717308359,0.004910249739854319
95,train,0.5398800617720868,0.31982124,0.311315,0.652346,0.75085574,0.0006557839056538328,0.0
96,train,0.9705898097369612,0.8675019,0.7093008,1.4748993,1.8543098,0.00048777315296566075,0.0006178459937565036
97,train,0.8716061853707274,0.9356704,0.6989896,1.3083242,1.5087043,0.00027098508498092264,0.0003793791189732917
98,validation,1.2147659107738993,1.0154487,0.8618745,1.911824,2.345837,0.005734044398196323,0.0051703954214360045
99,train,0.439266287974998,0.29367873,0.2845833,0.60030377,0.68736863,0.0004389958376690947,0.0
100,train,1.1049679376879251,1.0193573,0.8070911,1.6223476,1.9635688,0.00473139958376691,0.0016584287200832467
101,validation,0.4693474897097721,0.31050915,0.2692764,0.5593106,0.6778373,0.00042273673257023933,0.0
102,validation,0.8915766254600701,0.7474984,0.599508,1.1674154,1.4826579,0.0012844693028095733,0.0007804370447450572
103,validation,0.4264388199381202,0.21762434,0.24749656,0.5667441,0.6554,0.0005473898716614637,0.0
104,validation,1.161049345208861,0.9767338,0.7643755,1.5078938,1.7961053,0.004969866458550121,0.0005690686784599376
105,train,0.8423618426493493,0.7407009,0.6075327,1.2074444,1.5067103,0.0019185744016649324,0.0003089229968782518
106,train,0.4709789209047453,0.27565423,0.2597821,0.56993043,0.6926764,0.00045525494276795007,0.0
107,train,1.2274056915267566,0.9974392,0.8365017,1.6980968,2.210677,0.01187456642386403,0.003148846687478321
108,train,0.8691264623766993,0.72082543,0.5787272,1.1245263,1.362871,0.0008888310787374263,0.0005040322580645161
109,train,0.8748115262822712,0.83935034,0.6483881,1.2625151,1.5287377,0.0006828824141519251,0.0004986125563648977
110,validation,1.217194073290798,1.1016117,0.8815578,1.7733977,2.1753526,0.010389568158168574,0.002200398890045092
111,train,1.2195408901349245,1.0249587,0.8404492,1.6862054,2.104996,0.01064971383975026,0.001902315296566077
112,validation,1.1408850882957018,1.0076258,0.78470016,1.5114424,1.8599715,0.008747398543184183,0.0011652358654179675
113,train,0.5879714616850055,0.486765,0.3959659,0.815043,0.954026,0.00034144120707596255,0.0
114,train,0.4480927823173178,0.32333142,0.27543664,0.5964848,0.76851296,0.0001734304543877905,0.0
115,train,0.8397226390195973,0.69348466,0.5563932,1.0679988,1.2358607,0.0018047606659729448,3.793791189732917e-05
116,validation,0.9589157483049264,0.90199655,0.7136382,1.3827081,1.692432,0.0009484477974332293,0.0010622615331252168
117,train,1.1042246393635586,0.8719478,0.70676166,1.3486179,1.6018634,0.0057882414151925075,0.0008888310787374263
118,train,0.9073223691832908,0.80698407,0.63794696,1.2485892,1.5116265,0.0013061481096080473,0.00044441553936871314
119,train,0.8422912535189447,0.6538319,0.53440297,1.0420274,1.2147269,0.0021136836628511966,0.00022220776968435657
120,train,1.2011294021736103,0.97818846,0.83655113,1.7903045,2.373233,0.01530523759972251,0.0038913458203260493
121,validation,1.1315356591123398,0.95007765,0.78970027,1.5874357,1.9900125,0.00826504509191814,0.0013928633368019425
122,train,0.8116265328240008,0.59447837,0.49108204,0.9738698,1.1378261,0.001338666319805758,7.587582379465834e-05
123,train,0.9063955814791226,0.82899994,0.6579285,1.305424,1.5775573,0.0013440860215053765,0.00021678806798473813
124,train,0.8971942404597181,0.84814316,0.68121076,1.391914,1.655302,0.0015391952826916406,4.8777315296566075e-05
125,train,0.8370610606984351,0.7212297,0.5617259,1.0400419,1.2267449,0.0005853277835587929,0.0004823534512660423
126,train,0.9062449252178524,0.8331366,0.6525967,1.2690464,1.5037938,0.0010460024280263614,0.00047151404786680543
127,validation,1.1481022440686903,0.95357794,0.7499785,1.3364103,1.5881732,0.009099679153659383,0.0006286853971557405
128,train,1.1796017164127373,1.0304221,0.8384103,1.7052279,2.2110388,0.009153876170655568,0.005912894554283732
129,train,1.1222877509151068,0.9670799,0.7903059,1.5906972,2.0294838,0.003148846687478321,0.002092004856052723
130,train,1.1660159907398493,1.0711612,0.85860056,1.6916693,2.0711195,0.008595646895594866,0.0010785206382240722
131,train,1.114557572049773,0.9356193,0.75673246,1.4826256,1.9720601,0.006801725633021159,0.0031271678806798473
132,validation,1.076534754606134,0.9780896,0.7798478,1.5627751,1.9378749,0.003940123135622615,0.0019348335067637878
133,train,0.8848567890099763,0.73415196,0.5997122,1.1590852,1.3339928,0.0014795785639958377,5.419701699618453e-05
134,train,1.1669377095736295,0.98700804,0.8097615,1.6573257,2.1494093,0.008145811654526535,0.003240981616371835
135,train,1.1530823102398569,0.9642175,0.8085501,1.7095209,2.1963127,0.007262400277488727,0.0035228061047519943
136,train,0.9100505635580984,0.74070054,0.5985982,1.1826292,1.4306928,0.002726109954908082,0.0002764047866805411
137,train,1.228814996328909,1.0141456,0.86467993,1.9164605,2.3896642,0.00823252688172043,0.0067692074228234474
138,train,1.127867272606929,0.94689244,0.7860409,1.5721596,1.9135952,0.008942507804370448,0.0008346340617412418
139,train,1.0781293774855822,0.8196494,0.6934049,1.2147269,1.4243205,0.007121488033298647,0.0006557839056538328
140,validation,0.9535733608060616,0.7753848,0.6321358,1.2548277,1.5447057,0.0028887010058966356,0.0005582292750607007
141,train,0.9236295392928098,0.76869553,0.63282984,1.2773374,1.6666112,0.0014524800554977454,0.0007262400277488727
142,train,1.1972456537349856,0.9438709,0.800811,1.730011,2.2734308,0.008389698231009365,0.005300468262226847
143,train,0.734708339088579,0.55151284,0.46257994,0.9209169,1.1112472,0.0014199618453000346,4.3357613596947624e-05
144,validation,0.805391122657412,0.6789265,0.55915874,1.1292591,1.3174044,0.0008671522719389525,2.1678806798473812e-05
145,train,0.7088599766245179,0.537276,0.4234822,0.86345124,1.0128936,0.00031976240027748875,1.625910509885536e-05
146,train,0.9449790615071056,0.838183,0.6578108,1.2422912,1.603823,0.001783081859174471,0.0014741588622962192
147,validation,0.8730086449612332,0.7943056,0.6491269,1.3250937,1.5971681,0.001279049601109955,9.755463059313215e-05
148,train,0.8917063584030827,0.6947884,0.5699519,1.1239419,1.346566,0.0036312001387443634,0.0001951092611862643
149,train,0.4602984086763455,0.31334302,0.26982272,0.57277894,0.6988322,0.0003251821019771072,0.0
150,train,1.1536612292538662,0.99970615,0.8118931,1.672772,2.163775,0.0034848681928546653,0.005771982310093652
151,train,0.500010721805474,0.27114958,0.29406354,0.6601879,0.8003356,0.0004498352410683316,0.0
152,validation,1.2364336982652373,1.1080563,0.87033254,1.7497376,2.2347348,0.006975156087408949,0.007641779396462019
153,train,0.8384285502012804,0.6219834,0.51024026,0.99539655,1.210317,0.0018589576829691294,0.0001842698577870274
154,train,1.198542994603832,1.0340005,0.8511782,1.8333075,2.3182182,0.005365504682622269,0.00788024627124523
155,train,1.0246066748716398,0.768324,0.6787743,1.2200593,1.4266845,0.007175685050294832,0.00031976240027748875
156,train,1.2453809585712114,0.9799621,0.8297165,1.669684,2.135893,0.012779656607700312,0.0020974245577523414
157,train,0.8299840439141601,0.7720797,0.6095479,1.2012572,1.4153097,0.00042815643426985777,0.00012465313909122442
158,train,0.9137432197311388,0.7926382,0.64890444,1.2806131,1.5596884,0.0025201612903225806,0.0003902185223725286
159,train,0.9404761893460432,0.7020174,0.5948891,1.1414529,1.4044949,0.0040864550815123135,0.0008454734651404787
160,train,0.8169362328038237,0.76039463,0.60126215,1.200249,1.4334217,0.000574488380159556,0.0001029743322927506
161,validation,1.1844240376429012,1.1249092,0.8911052,1.7855452,2.1293561,0.00753338536246965,0.000287244190079778
162,train,0.9094057265483856,0.87248087,0.6827512,1.3803114,1.6473597,0.0005799080818591745,0.00034144120707596255
163,train,1.1070479320465971,0.8840925,0.7682627,1.6971908,2.2612958,0.0076742976066597295,0.0048018557058619495
164,train,1.1545332649081226,0.9743917,0.80006236,1.6458833,2.0614622,0.006438605619146722,0.001951092611862643
165,validation,0.442533699908324,0.27548245,0.24988608,0.53784966,0.6735927,0.00045525494276795007,1.0839403399236906e-05
166,train,1.1448733643800322,1.0058974,0.80661285,1.5754668,1.9650896,0.010270334720776968,0.0012898890045091919
167,train,1.0805257419771188,0.90420896,0.72754467,1.4657363,1.7695373,0.004227367325702393,0.0003577003121748179
168,train,1.1009979581608342,0.8838486,0.7676691,1.6839012,2.147912,0.0020757457509538676,0.00423820672910163
169,train,1.2530329633313029,1.0026828,0.82915473,1.5679814,1.9024242,0.012655003468609087,0.0007912764481442942
170,train,0.7134492473678666,0.6665336,0.54178846,1.1093957,1.3222994,0.00031434269857787025,5.419701699618453e-06
171,train,1.1686397221659737,1.0317312,0.8360381,1.7042615,2.124293,0.007701396115157822,0.00301335414498786
172,train,1.063894557316749,0.8400079,0.69685686,1.2942907,1.5290222,0.006774627124523066,0.00043357613596947626
173,train,0.7827810643832493,0.5768929,0.4729496,0.9470104,1.1164383,0.0009701266042317031,5.9616718695802984e-05
174,train,0.557401101866843,0.4118901,0.34435788,0.7029313,0.85491526,0.00038479882067291016,1.0839403399236906e-05
175,train,0.8376238139495679,0.7383485,0.603036,1.2241138,1.4730202,0.0009050901838362817,4.8777315296566075e-05
176,train,0.4553655044736483,0.2630899,0.2473223,0.52936715,0.6474589,0.00047151404786680543,0.0
177,train,1.2112735731222304,0.9507093,0.8387446,1.7587705,2.3900864,0.0175923517169615,0.003376474158862296
178,train,0.8833570808092257,0.74086845,0.5994858,1.1888809,1.414767,0.001951092611862643,0.0001951092611862643
179,train,0.8643504145368186,0.79688793,0.6491178,1.3283536,1.6006881,0.0008834113770378078,7.04561220950399e-05
180,train,1.099215020096888,0.9087336,0.74452764,1.4153097,1.715144,0.007370794311481096,0.0008779916753381894
181,train,1.1904881823628988,0.98713076,0.7991898,1.5349073,1.8607118,0.012281044051335415,0.0007966961498439126
182,validation,0.4726143285759356,0.2985246,0.2649066,0.5633335,0.67925215,0.0003577003121748179,0.0
183,train,1.1926611187001095,0.96049374,0.826213,1.8532407,2.321173,0.0038805064169268122,0.008134972251127299
184,validation,0.8327184568916745,0.65068936,0.55160534,1.0987917,1.4417965,0.002834503988900451,0.00021678806798473813
185,train,0.6893032889418917,0.5496682,0.44704002,0.9126224,1.0782601,0.0004823534512660423,0.0
186,train,0.4064081877755677,0.28559363,0.26057452,0.5633335,0.6898679,0.0003956382240721471,0.0
187,validation,1.0992004647409586,0.92517537,0.74890643,1.5019484,1.8135517,0.005408862296219216,0.0005636489767603191
188,validation,1.0703953352588478,0.7826127,0.7728647,1.2806131,1.5114424,0.007013093999306278,0.0002764047866805411
189,train,0.3948860766430009,0.21700864,0.19884403,0.43359616,0.5804396,0.0003793791189732917,0.0
190,train,1.1260765913817423,0.993347,0.78325105,1.4742404,1.8871559,0.004400797780090184,0.004563388831078738
191,train,1.1906384036262505,0.95817244,0.79494643,1.6652856,2.1903963,0.005295048560527229,0.006351890391952827
192,train,1.207758710139173,0.96570766,0.8164076,1.6249913,2.09202,0.012291883454734651,0.0013982830385015608
193,validation,0.4791505006178154,0.28485772,0.2760317,0.6203859,0.75827247,0.00042273673257023933,0.0
194,train,0.8126969431107017,0.6345642,0.5365162,1.0417265,1.3411708,0.0028507630939993063,0.0004986125563648977
195,validation,1.2069527589211295,1.0371847,0.8406345,1.7173114,2.1821945,0.007858567464446757,0.004081035379812695
196,train,0.4817800090364847,0.29909837,0.30004352,0.6416374,0.7276828,0.0009050901838362817,1.0839403399236906e-05
197,train,1.2357696655793915,1.0137175,0.84287524,1.7964369,2.3340297,0.00991263440860215,0.006389828303850156
198,train,1.1351632935947698,0.9435968,0.76664805,1.5085835,1.9449592,0.006904699965313909,0.0021733003815469997
199,train,0.7756287343691161,0.65451705,0.51660895,1.0305686,1.2272803,0.0006232656954561221,0.0001517516475893167
200,train,1.1665187914102289,0.9439403,0.7688022,1.4944699,1.9677587,0.011511446409989594,0.0024822233784252516
201,train,0.5020162539570988,0.3131511,0.27415085,0.61698973,0.76802045,0.0002547259798820673,0.0
202,train,0.7702184706614006,0.61697954,0.48687378,0.9757252,1.1578772,0.0008237946583420048,3.251821019771072e-05
203,train,1.141737277667991,0.94972306,0.7310446,1.4031326,1.6717454,0.0053492455775234135,0.0009918054110301768
204,train,0.7402300604131107,0.7037959,0.56608355,1.1593678,1.374657,0.0005853277835587929,5.419701699618453e-06
205,train,1.107567460452047,0.95111823,0.7797888,1.5731419,1.9320793,0.007972381200138745,0.000753338536246965
206,train,1.1818346049135513,1.1604031,0.9199814,1.8331424,2.140783,0.010622615331252168,5.419701699618453e-05
207,validation,1.1461097631784538,0.9548169,0.79549855,1.5447057,1.9205642,0.011506026708289976,0.0009972251127297954
208,train,0.948530920629754,0.782551,0.62650067,1.2294623,1.6248168,0.0019836108220603536,0.001002644814429414
209,train,1.0203926616430143,0.96210253,0.7575251,1.4064176,1.6632389,0.0035336455081512314,0.0002547259798820673
210,train,0.799930128112285,0.53441465,0.45408133,0.89351654,1.0238855,0.0013928633368019425,9.755463059313215e-05
211,train,0.8088545543827286,0.69356924,0.52564144,0.9567417,1.0649787,0.000872571973638571,0.0006449445022545959
212,train,0.5308047820506455,0.31303677,0.27805254,0.5952185,0.7196796,0.0003902185223725286,0.0
213,train,1.149118342239944,1.007857,0.79279184,1.5713617,1.9868811,0.007414151925078044,0.0019456729101630247
214,validation,0.6045346897324735,0.4370213,0.36046666,0.73873127,0.86711633,0.00040647762747138397,0.0
215,train,0.8849518082423847,0.674237,0.559113,1.0871516,1.2923489,0.0038263093999306276,0.0002059486645855012
216,train,1.1725941144389376,1.077231,0.852015,1.692432,2.0667496,0.010530480402358653,0.0006883021158515435
217,train,0.8215465872460668,0.6584256,0.51387334,0.97684425,1.1348826,0.001018903919528269,0.00017885015608740896
218,train,0.9406117664383392,0.8251518,0.6558321,1.2967838,1.5511581,0.0025039021852237254,0.0003035032951786334
219,train,0.9533026098906564,0.8568669,0.65279174,1.2012572,1.4858415,0.0038263093999306276,0.0011218782518210197
220,validation,1.1440814836855495,1.051738,0.8315888,1.6662601,2.1145353,0.0010243236212278877,0.00655241935483871
221,train,0.4692684323730892,0.31625244,0.27548948,0.616754,0.79054046,0.00017885015608740896,0.0
222,validation,0.9493127178254483,0.8059678,0.6447964,1.2831384,1.5290222,0.0033005983350676378,0.0001842698577870274
223,validation,1.1626408426592856,0.9923419,0.80299723,1.6336708,2.067315,0.00528962885882761,0.00301335414498786
224,train,0.8792297109202091,0.7469006,0.60536426,1.2210596,1.447801,0.0012411116892126258,5.419701699618453e-05
225,train,1.0309713406920624,0.8341184,0.7245928,1.305135,1.5119616,0.006828824141519251,0.0001842698577870274
226,train,1.0598960654114271,0.9137823,0.76359034,1.6175026,2.0633838,0.003230142212972598,0.002232917100242803
227,validation,1.0786180500064648,0.8601759,0.71985734,1.2942907,1.5636353,0.00865526361429067,0.0006449445022545959
228,validation,0.9105476873365208,0.76758873,0.63161397,1.2538248,1.5288477,0.0019944502254595907,0.00031434269857787025
229,train,0.9304355015097304,0.7725586,0.62975854,1.2457844,1.6081545,0.002140782171349289,0.0007370794311481096
230,train,0.9642727640623872,0.8383049,0.70123124,1.4268949,1.8002347,0.0027098508498092267,0.0006395248005549775
231,train,0.7607732470281346,0.6440781,0.5248562,1.0631958,1.2544643,0.000574488380159556,0.0
232,validation,1.0550139719012803,1.0144708,0.7923664,1.5738733,1.8871559,0.0016909469302809573,0.0015988120013874436
233,train,1.1777367174219897,0.9250527,0.7833657,1.5290222,1.9155343,0.013039802289281997,0.001338666319805758
234,train,0.95145666471314,0.82315373,0.6547388,1.2890544,1.5956867,0.0023575702393340272,0.000693721817551162
235,train,0.834121336825246,0.82845587,0.61942387,1.1573814,1.3583996,0.0002818244883801596,0.0003956382240721471
236,train,1.231128077823031,0.992719,0.8394028,1.7217505,2.207861,0.01243279569892473,0.002054066944155394
237,train,0.7789789123281858,0.6413624,0.5115074,1.0323344,1.2199975,0.0008508931668400971,4.3357613596947624e-05
238,train,0.9037135665695286,0.711086,0.5824026,1.1282082,1.3539014,0.0036095213319458897,0.0004173170308706209
239,train,1.0508569183445255,0.9315171,0.75172555,1.40075,1.620954,0.005934573361082206,7.587582379465834e-05
240,train,0.9009136008332572,0.8867238,0.6953363,1.3881704,1.6565086,0.0012411116892126258,0.0002818244883801596
241,train,1.1434214162983976,0.9608301,0.7986784,1.6553408,2.1351423,0.008086194935830732,0.0028507630939993063
242,validation,0.9257026760868012,0.7780263,0.6404898,1.2806131,1.5340736,0.0024930627818244883,0.0001625910509885536
243,train,0.8652968281404169,0.75774467,0.6068229,1.2200526,1.4553872,0.0013061481096080473,0.0001842698577870274
244,train,0.3196820385097267,0.15519957,0.16621871,0.34373364,0.4298456,0.0004389958376690947,0.0
245,train,1.188333539391302,0.8994839,0.78550935,1.5209644,2.18532,0.01930497745404093,0.0018806364897676032
246,train,0.9040601530078668,0.7892072,0.63190866,1.2504835,1.4894505,0.0017072060353798128,0.0002547259798820673
247,train,0.5836623018626741,0.4184134,0.3429116,0.70039946,0.832943,0.00043357613596947626,0.0
248,train,0.7545846036547154,0.6855889,0.5259942,0.9753779,1.0972,0.0006449445022545959,0.00012465313909122442
249,train,0.9418203493700398,0.8991763,0.7171614,1.466411,1.7533463,0.0008400537634408602,0.0004118973291710024
250,train,0.9514101208723112,0.79201895,0.64765906,1.2391241,1.4334583,0.0020649063475546305,0.0003902185223725286
251,validation,0.9555668207595271,0.7587408,0.64171594,1.29326,1.6966058,0.0030729708636836627,0.0006991415192507804
252,train,0.7499265225860248,0.5862202,0.4703533,0.922386,1.0523238,0.0003522806104751994,0.0001625910509885536
253,train,1.1617129157935149,1.0605583,0.85682607,1.7310258,2.0294309,0.006931798473812001,0.0009159295872355186
254,train,0.7769316237865264,0.6762737,0.53637576,1.0819495,1.2643967,0.0005907474852584113,5.419701699618453e-06
255,train,0.8115905382148269,0.7734527,0.60083836,1.1754904,1.3731247,0.0003902185223725286,0.00011381373569198752
256,train,1.190370838835325,0.97876894,0.7874946,1.568951,1.9789913,0.006839663544918488,0.0026393947277141864
257,train,1.1151606054944392,0.98382926,0.8023533,1.6596808,2.0587013,0.003983480749219563,0.0020757457509538676
258,validation,1.0455712694333856,0.8047018,0.68105626,1.2626073,1.6336708,0.0065036420395421434,0.0016204908081859175
259,train,1.209697543240374,1.0140045,0.83463407,1.711038,2.1838274,0.009457379465834201,0.003446930280957336
260,train,1.2159779456123572,1.0009484,0.84406275,1.8277458,2.358114,0.008389698231009365,0.0077664325355532434
261,train,0.8123946267141977,0.74349165,0.5985592,1.215131,1.4481313,0.0008996704821366632,3.793791189732917e-05
262,train,1.0718844578812634,0.85952055,0.7015687,1.3732665,1.8237832,0.00588579604578564,0.0019673517169614984
263,train,1.1432142080246754,0.9480927,0.75715923,1.4557146,1.7879112,0.007853147762747138,0.001495837669094693
264,validation,1.1244929151845309,0.9232869,0.7484867,1.462004,1.7778697,0.00739247311827957,0.0005799080818591745
265,validation,0.7401985809757652,0.5689691,0.4722679,0.9462626,1.0963776,0.0008292143600416234,3.251821019771072e-05
266,train,1.1954325701312638,1.0393195,0.8615528,1.848409,2.2993715,0.0048126951092611866,0.006888440860215054
267,train,1.0950357558564,0.92552066,0.76816845,1.5426148,1.9577407,0.009007544224765868,0.0014091224419007977
268,train,0.9712131760210724,0.8812098,0.72221893,1.4887935,1.8193389,0.002010709330558446,0.0006178459937565036
269,train,1.2118925020228128,1.1001707,0.88939965,1.8056681,2.2176154,0.012140131807145335,0.0017397242455775234
270,train,0.775736634132931,0.7002816,0.5592946,1.1240603,1.3309124,0.0007099809226500173,5.9616718695802984e-05
271,train,1.1690746913988224,0.97565895,0.8181456,1.5282389,1.8849076,0.017500216788067985,0.0005799080818591745
272,train,1.16892265332639,1.0206198,0.81048226,1.5711405,1.937109,0.010714750260145681,0.0014524800554977454
273,train,0.8099017480099807,0.69017464,0.5669787,1.1314683,1.3671724,0.0009701266042317031,0.00018968955948664586
274,train,1.1563908534852745,1.0214573,0.80643165,1.5906972,1.9019282,0.0061513614290669445,0.0008508931668400971
275,train,1.1640572538842502,1.0135934,0.834119,1.7095767,2.1409385,0.005636489767603191,0.003311437738466875
276,validation,1.188679135487475,1.0015424,0.80783755,1.6048452,2.0751493,0.009381503642039542,0.003804630593132154
277,validation,1.1251963594698176,1.063951,0.85656404,1.736576,2.069921,0.009251430801248699,0.00052571106486299
278,train,0.8283272214146636,0.6377901,0.5335047,1.0602317,1.3225054,0.0009647069025320846,0.0002818244883801596
279,validation,0.9322808446630866,0.84947014,0.6335156,1.181063,1.4061884,0.0018156000693721817,0.0005528095733610822
280,train,0.5772775866604418,0.36830726,0.31682378,0.6654836,0.8106392,0.00034144120707596255,1.625910509885536e-05
281,validation,0.7752176230981553,0.6037633,0.49201915,0.9847871,1.1666396,0.0016584287200832467,0.00013549254249046132
282,train,0.4104254646056285,0.19316949,0.21031593,0.47749725,0.61480695,0.0004173170308706209,0.0
283,train,1.2256464342886286,1.026938,0.804455,1.5405405,1.9475974,0.009977670828997571,0.003815469996531391
284,train,0.8238361613177536,0.7544456,0.61038554,1.2463254,1.4917467,0.0005690686784599376,3.793791189732917e-05
285,validation,0.7898010087300089,0.74985594,0.6038175,1.2253344,1.4618517,0.0004931928546652792,5.419701699618453e-06
286,train,1.0992389820389428,0.93085384,0.7503691,1.4975843,1.8577466,0.006666233090530697,0.0013061481096080473
287,train,0.7825068537739774,0.5374056,0.4683224,0.91605365,1.0852653,0.0027586281651057927,0.0001409122441900798
288,train,1.2050370697860209,1.0285643,0.8358535,1.620954,1.8971163,0.009728364550815122,0.0003685397155740548
289,validation,1.1550276747175898,0.9459801,0.8025472,1.6974438,2.1798708,0.006124262920568852,0.002953737426292057
290,train,0.9275185128237048,0.78069663,0.6130047,1.1886925,1.3930186,0.0015933922996878252,0.00022762747138397503
291,validation,0.9588464362927074,0.8146572,0.67084223,1.3588597,1.6958208,0.002379249046132501,0.0004823534512660423
292,train,1.2265425678001292,1.0549214,0.8451102,1.6376202,2.1656685,0.005089099895941728,0.007891085674644468
293,train,0.5257844078916248,0.3306961,0.33756292,0.6554,0.738684,0.00048777315296566075,0.0
294,train,0.6155357445321922,0.44519666,0.37429848,0.76351994,0.89631164,0.0004823534512660423,0.0
295,train,0.5740007227183187,0.44184008,0.36420238,0.75681734,0.893387,0.0003902185223725286,0.0
296,train,1.1238335364831098,0.9566858,0.7735979,1.5468442,1.8575555,0.005381763787721124,0.0005202913631633715
297,train,1.256820771566788,1.0289832,0.83245164,1.6163133,1.9948223,0.01292598855359001,0.0011110388484217829
298,train,0.4842160519973249,0.3078929,0.27307028,0.5915152,0.747304,0.00038479882067291016,0.0
299,train,1.1905951304622164,0.9557261,0.80811876,1.7135559,2.2608776,0.010877341311134235,0.0029483177245924383
300,train,0.8054687949657844,0.5800338,0.47953394,0.95121396,1.1511577,0.0012465313909122441,7.587582379465834e-05
301,train,0.797124003807342,0.55539584,0.472174,0.91086745,1.0257204,0.0013007284079084287,7.04561220950399e-05
302,train,0.8706697528080568,0.74119675,0.59057695,1.1539261,1.3465087,0.001923994103364551,5.419701699618453e-05
303,validation,0.927820761524522,0.8842141,0.71363586,1.4652128,1.7607801,0.001842698577870274,8.671522719389525e-05
304,train,0.7368550552278488,0.54185355,0.44816825,0.9063586,1.0959727,0.0005040322580645161,1.625910509885536e-05
305,train,0.5970496761844891,0.62491184,0.5384399,0.97394544,1.0581118,5.419701699618453e-06,0.0
306,train,1.0715630379552807,0.95798635,0.77908635,1.5906972,2.0569534,0.004227367325702393,0.0019185744016649324
307,train,1.1637342100847836,0.9955048,0.816882,1.6919502,2.1559563,0.00662287547693375,0.0037504335761359693
308,train,1.167822594996312,1.0066835,0.83253324,1.7162387,2.1778467,0.007343695802983004,0.0028778616024973985
309,train,1.24744997760682,1.0040622,0.86391026,1.7988001,2.430477,0.01849744190079778,0.004422476586888657
310,train,1.175104899930946,0.9943136,0.8113047,1.6363496,2.018139,0.007842308359347901,0.001148976760319112
311,train,0.8751261711070458,0.6843474,0.57550997,1.1507728,1.4647301,0.0019565123135622613,0.0003577003121748179
312,train,0.9321960428414808,0.8194809,0.670814,1.3544593,1.6336708,0.0028887010058966356,0.00014633194588969822
313,train,0.7662445364673891,0.7364574,0.58592707,1.1562383,1.3517625,0.00023304717308359347,7.587582379465834e-05
314,train,1.2157931834562128,0.99162334,0.8380867,1.707938,2.3265886,0.01629162330905307,0.004411637183489421
315,train,0.7622193436554878,0.54161185,0.47972447,0.92548966,1.0478157,0.0009430280957336109,1.0839403399236906e-05
316,train,0.8620190006769421,0.6634619,0.5375536,1.0448275,1.1948445,0.0016584287200832467,2.1678806798473812e-05
317,train,1.1816063056026196,0.923035,0.79505104,1.6740462,2.262208,0.01064971383975026,0.004346600763093999
318,train,0.7580718688542768,0.70994836,0.5788825,1.1687877,1.3498389,0.0005094519597641346,0.0
319,train,1.114474045857734,1.0351373,0.8032744,1.6010491,1.9030186,0.005327566770724939,0.0015825528962885884
320,train,0.9469395305417908,0.78882855,0.63539666,1.249492,1.5829207,0.002070326049254249,0.0009321886923343739
321,train,1.0882033814984164,0.8606943,0.69443333,1.265383,1.5906972,0.0037883714880332987,0.0026664932362122787
322,train,0.3861537607464159,0.26706907,0.23702629,0.5115074,0.6569075,0.00037395941727367323,0.0
323,validation,0.7662562857418683,0.68753934,0.5502012,1.116074,1.3232256,0.0006070065903572668,1.625910509885536e-05
324,train,0.8527311683248125,0.72290385,0.5625115,1.0406194,1.2135806,0.0012411116892126258,0.0005528095733610822
325,train,1.1708945479528736,0.98909646,0.8080121,1.6498367,2.0988057,0.00658493756503642,0.002904960110995491
326,train,0.918080832028026,0.8317223,0.65455526,1.2806131,1.5058563,0.0021733003815469997,7.04561220950399e-05
327,validation,1.233189757782179,1.014904,0.8579854,1.620954,2.0294838,0.01986862643080125,0.0008237946583420048
328,train,0.9120815985185246,0.9315365,0.6991066,1.295412,1.5918123,0.0005040322580645161,0.0007858567464446756
329,train,0.7934912768812993,0.5732019,0.49464813,0.97581494,1.1750259,0.002904960110995491,0.0001951092611862643
330,train,1.0838464948386195,0.93815774,0.76656616,1.5827187,1.930656,0.0031651057925771767,0.0006015868886576483
331,validation,1.1988689715966352,1.0323701,0.8327298,1.6591501,2.1687524,0.012237686437738466,0.002536420395421436
332,train,1.1613182763250898,1.0401516,0.8517018,1.7797244,2.2165008,0.007701396115157822,0.0019402532084634061
333,train,1.212908637207817,0.9835865,0.80956876,1.6321915,2.1654763,0.010037287547693376,0.003934703433922997
334,train,1.1716045635553924,0.98894995,0.8264154,1.8097094,2.2259178,0.002704431148109608,0.005669007977800902
335,train,1.0848962041100392,0.9036571,0.73359996,1.4756483,1.8582008,0.004601326742976066,0.0014904179673950746
336,train,1.2094610488215791,1.1264528,0.90335816,1.8704478,2.2859359,0.012329821366631981,0.0015933922996878252
337,validation,1.1018976576045023,0.97917145,0.79993826,1.5953887,2.0333703,0.0048994103364550816,0.0018752167880679846
338,train,0.8627852193685812,0.60710186,0.4974782,0.96777457,1.1449561,0.002232917100242803,0.00012465313909122442
339,train,1.068798850549184,0.8318979,0.69397753,1.3297782,1.6612766,0.004791016302462712,0.001148976760319112
340,train,1.1997293637341486,0.9165147,0.770182,1.5658051,2.0823524,0.010367889351370101,0.0023575702393340272
341,validation,1.2784830377273075,1.1132216,0.9045827,1.8603019,2.3729644,0.01614529136316337,0.003604101630246271
342,train,1.1374701716333182,1.1166047,0.8649264,1.7510613,2.0351164,0.005338406174124176,0.0
343,train,0.8878006211910594,0.7847751,0.629254,1.2384795,1.5019515,0.001040582726326743,0.0004389958376690947
344,validation,0.918419075936551,0.7437759,0.59704554,1.1580168,1.3597181,0.001674687825182102,0.00021136836628511967
345,train,1.188355109472943,1.1367109,0.85512596,1.6265492,2.0558145,0.005593132154006243,0.005327566770724939
346,validation,0.7966094792596812,0.64858246,0.51857245,1.0380479,1.2267449,0.0007370794311481096,4.8777315296566075e-05
347,train,0.8673841186011098,0.6841553,0.55998105,1.0265111,1.1743178,0.001951092611862643,0.0001625910509885536
348,train,1.2023846338419812,1.060476,0.8632939,1.6803566,2.123683,0.016627644814429413,0.002010709330558446
349,train,0.8176444700181217,0.764505,0.61361885,1.242583,1.4843442,0.00046609434616718694,8.12955254942768e-05
350,train,1.2092147455442968,0.96355915,0.7917531,1.5349358,1.9656482,0.01208593479014915,0.0021136836628511966
351,train,0.9689410485912624,0.8337616,0.6721071,1.3016182,1.8149567,0.003847988206729102,0.0019673517169614984
352,train,0.8664376005663773,0.6607431,0.5560719,1.0916209,1.2812828,0.0019565123135622613,7.04561220950399e-05
353,train,0.9741696774443852,0.9040272,0.7186786,1.4261655,1.7383403,0.002021548733957683,0.0008942507804370447
354,train,0.5993865429899761,0.48274255,0.3810005,0.7853049,0.9255836,0.00029808359347901494,0.0
355,validation,0.8982366323539719,0.81857157,0.6435137,1.2016971,1.4363629,0.000753338536246965,0.0006395248005549775
356,train,1.0297717057411415,0.9244328,0.7500337,1.4910042,1.89639,0.003425251474158862,0.00098096600763094
357,train,1.126802538029933,0.88447154,0.7560947,1.5114424,2.086493,0.010178199791883455,0.0025201612903225806
358,train,0.8030619774076361,0.5650828,0.48995072,0.9669121,1.1504115,0.002021548733957683,0.0001734304543877905
359,train,1.090212252705958,0.95777035,0.7719401,1.5740494,2.053777,0.002883281304197017,0.0034957075962539024
360,train,1.1964639858065256,0.9904387,0.81389284,1.5733697,2.0734308,0.014649453694068679,0.002774887270204648
361,train,0.9301817204314816,0.87521577,0.70822316,1.4417965,1.7118713,0.0018156000693721817,2.1678806798473812e-05
362,validation,0.9098408792254704,0.8592298,0.67450684,1.3206797,1.6083486,0.0009538674991328477,0.0006666233090530697
363,validation,0.7697937644604541,0.7061032,0.56956494,1.1378261,1.3496197,0.0005094519597641346,3.793791189732917e-05
364,train,0.5471610301882295,0.34148437,0.31502333,0.6551721,0.74167556,0.0004931928546652792,5.419701699618453e-06
365,validation,1.0898994144167709,0.9534728,0.79139566,1.6652862,2.0841472,0.0015446149843912592,0.0035011272979535205
366,train,0.9178764746291356,0.74626,0.59878904,1.1695678,1.4089383,0.0018210197710718003,0.0006666233090530697
367,train,0.3670072487016423,0.17546546,0.20971388,0.4534898,0.55342525,0.00042815643426985777,0.0
368,train,1.143709033933895,0.9313854,0.77724576,1.5600563,2.0685825,0.009343565730142212,0.0029266389177939646
369,train,1.0489325645371643,0.87680835,0.72654545,1.4997528,2.0305867,0.001712625737079431,0.0034523499826569545
370,validation,0.9450132663062072,0.85206956,0.69802046,1.4300584,1.7379087,0.0011706555671175858,0.00016801075268817206
371,train,1.2440393154198195,1.0206461,0.86145025,1.8685387,2.3774786,0.009094259451959763,0.007370794311481096
372,train,0.8255087716553028,0.7669768,0.6204909,1.2720947,1.5107669,0.0004606746444675685,7.04561220950399e-05
373,train,1.2273225298802874,0.9940245,0.8256651,1.7497376,2.2827158,0.007999479708636837,0.0071431668400971215
374,train,0.9027948272083944,0.83035386,0.6690929,1.3488319,1.5946304,0.001663848421782865,1.0839403399236906e-05
375,train,0.7661151231093193,0.63607424,0.51014096,1.0279708,1.2327164,0.0011543964620187306,3.251821019771072e-05
376,validation,1.210520832800149,0.9202142,0.7667113,1.488882,2.060472,0.014351370100589664,0.002623135622615331
377,train,1.1471229461621115,1.0124288,0.827194,1.7438725,2.1470282,0.0037883714880332987,0.0035932622268470345
378,train,0.7661412823794649,0.6734532,0.5297822,1.0472853,1.2363433,0.00047151404786680543,0.00013007284079084288
379,train,1.228000780280974,1.0400438,0.8739918,1.8786433,2.354111,0.009218912591050989,0.005658168574401665
380,train,1.153135161734424,0.8671598,0.74465734,1.4471098,1.8504698,0.0098096600763094,0.0015500346860908775
381,train,1.1555678823190376,1.1033448,0.8653672,1.7055084,2.0555854,0.008069935830731876,0.000634105098855359
382,validation,1.1438257364398907,0.91776407,0.7362013,1.4498613,1.7284039,0.006557839056538328,0.0005907474852584113
383,validation,0.7400884185403891,0.6671641,0.5379751,1.0852778,1.2842342,0.0005473898716614637,1.625910509885536e-05
384,train,1.1419765655056575,0.9826452,0.8017343,1.5569999,1.9350921,0.008834113770378078,0.0016963666319805759
385,train,1.2601442515780692,1.1432093,0.9067397,1.8083737,2.0891047,0.008579387790496011,5.419701699618453e-06
386,train,0.7946794999372014,0.6432942,0.5188264,1.0362961,1.2372004,0.0007912764481442942,0.00011923343739160597
387,train,1.0452456880447336,0.9157695,0.73852056,1.4702394,1.833421,0.0030241935483870967,0.0014091224419007977
388,train,1.0288294296115197,0.89355135,0.7202873,1.4028198,1.699925,0.004471253902185224,0.0005040322580645161
389,validation,1.164163079351064,0.9599878,0.79421866,1.6508375,2.137055,0.007517126257370795,0.003441510579257718
390,train,1.158071768075289,1.0261387,0.824192,1.6717454,2.110478,0.008942507804370448,0.0026177159209157127
391,train,1.191140316020039,0.8873123,0.75605905,1.4098567,2.0245087,0.012031737773152966,0.004227367325702393
392,train,0.8427248410031278,0.7410164,0.59317553,1.1743178,1.3930186,0.0014253815469996531,2.1678806798473812e-05
393,validation,1.2172303509377798,1.0129766,0.82684374,1.6547935,2.1446779,0.012270204647936177,0.00294289802289282
394,validation,1.190383110893272,1.0345446,0.8473967,1.772863,2.245585,0.00777727193895248,0.005490157821713493
395,train,1.096358403493614,0.7822864,0.67442876,1.2102728,1.4798416,0.012676682275407561,0.0015933922996878252
396,train,0.7285715010509847,0.5650341,0.46697387,0.9399859,1.0988969,0.0005473898716614637,5.419701699618453e-06
397,train,1.2176454981772362,1.0497161,0.8274396,1.5600563,1.8464313,0.009641649323621227,0.0008292143600416234
398,train,0.9041244123351068,0.7132539,0.5809533,1.138205,1.3566607,0.0017776621574748526,0.0002059486645855012
399,validation,1.0978700743174672,0.95663244,0.7588822,1.442973,1.7538867,0.008357180020811655,0.0005690686784599376
400,train,1.2166362120956875,1.035916,0.8334397,1.6858351,2.1640449,0.009332726326742976,0.0039076049254249045
401,train,0.899427608597221,0.82516336,0.66043377,1.3151999,1.5916994,0.000921349288935137,0.00040647762747138397
402,train,0.7899136768608264,0.7577025,0.58466893,1.1325831,1.3150191,0.0003577003121748179,6.503642039542144e-05
403,validation,0.5895020349679032,0.47868457,0.39097542,0.80437016,0.94141483,0.0003360215053763441,0.0
404,train,0.814384497979689,0.63158894,0.52125275,1.0359313,1.2327033,0.000921349288935137,5.9616718695802984e-05
405,train,1.1472804171175548,0.9656596,0.782224,1.5263779,1.8981663,0.009544094693028096,0.001257370794311481
406,validation,0.7648148226490711,0.5909177,0.48640975,0.97504777,1.1590852,0.0010568418314255983,1.625910509885536e-05
407,validation,0.9473479941393697,0.83614767,0.6697383,1.3132958,1.7036489,0.0016963666319805759,0.0009430280957336109
408,validation,0.7318365428859214,0.5487961,0.45887274,0.9078672,1.0477008,0.0006124262920568852,0.0
409,validation,1.1274276349770131,0.9890968,0.81259257,1.7109919,2.0785651,0.0030838102670829,0.00280198577870274
410,train,0.4880098336252365,0.33635288,0.29118678,0.6024421,0.7263158,0.00038479882067291016,0.0
411,validation,0.8378022358957878,0.6237672,0.51987153,1.0198797,1.2457012,0.001376604231703087,0.000287244190079778
412,train,1.2467288719049987,1.0678743,0.8585309,1.6461235,2.0070674,0.010920698924731184,0.0013820239334027054
413,train,0.7890525947223557,0.6476782,0.5249768,1.0659894,1.2548277,0.0005636489767603191,5.419701699618453e-06
414,validation,0.9627750076813693,0.847511,0.68217015,1.3364611,1.6645982,0.0021624609781477626,0.0008454734651404787
415,train,1.1557802820624057,0.9395729,0.7874527,1.6004379,2.0335371,0.007500867152271939,0.0017288848421782865
416,train,1.2182486986470695,1.0129989,0.8095983,1.6040058,2.0993438,0.00935440513354145,0.003983480749219563
417,train,1.10518492529698,0.93699497,0.76734805,1.447801,1.7553611,0.011657778355879292,0.0006774627124523067
418,train,1.196014401678351,1.0062913,0.832314,1.7478192,2.249751,0.008882891085674645,0.00444957509538675
419,train,1.17683879271722,0.9294355,0.77179676,1.4334583,1.6998655,0.011451829691293791,0.0003956382240721471
420,train,0.7283307386991055,0.59803224,0.48641616,0.98007166,1.1378261,0.0005473898716614637,5.419701699618453e-06
421,validation,0.4470104368094571,0.24584672,0.25435686,0.56812286,0.6550739,0.00038479882067291016,0.0
422,train,1.1176976159984515,0.98740554,0.8017439,1.6497378,2.094267,0.004026838362816511,0.003474028789455428
423,validation,0.8401719888201877,0.66772634,0.5283654,1.0234649,1.195348,0.001159816163718349,0.00014633194588969822
424,train,0.8190708964588914,0.7905321,0.63427186,1.314762,1.5732994,1.0839403399236906e-05,6.503642039542144e-05
425,validation,1.0606553760091264,0.9571384,0.7914354,1.3895353,1.6336708,0.005105359001040583,0.0003793791189732917
426,validation,0.5648615824371019,0.43146572,0.3553067,0.7270746,0.8603281,0.0005419701699618453,0.0
427,train,0.3903535853061237,0.35142082,0.28880155,0.59010446,0.70105207,0.0002655653832813042,0.0
428,train,0.8700753957789182,0.7969789,0.64385563,1.308335,1.5777488,0.0010622615331252168,9.755463059313215e-05
429,train,1.1713022006710554,1.0497276,0.85609895,1.7855452,2.2198362,0.009392343045438779,0.002189559486645855
430,train,0.8929079387363344,0.69059473,0.54761994,1.0406194,1.2191881,0.00255809920221991,0.0003902185223725286
431,train,0.777022514047051,0.6494398,0.5200113,1.032598,1.2210596,0.0007262400277488727,4.3357613596947624e-05
432,validation,1.2202155007486133,1.0189136,0.8418712,1.7029698,2.2906237,0.015202263267429761,0.003961801942421089
433,validation,0.779082661397217,0.6696091,0.5472994,1.1137562,1.3321906,0.000693721817551162,2.7098508498092266e-05
434,train,0.9517285360109896,0.8388279,0.68217224,1.3816984,1.701086,0.0027152705515088448,0.00045525494276795007
435,train,1.2159886240801536,1.0728145,0.86573756,1.7778697,2.2404218,0.01009148456468956,0.003652878945542837
436,train,1.124444781133376,0.8776895,0.743535,1.5016427,1.9720716,0.008801595560180368,0.001902315296566077
437,train,1.2452827437735223,1.0679494,0.87090695,1.7641313,2.2117047,0.010497962192160943,0.003067551161984044
438,train,1.2418364426320838,1.0328331,0.85656404,1.7095209,2.1164858,0.0123352410683316,0.001745143947277142
439,train,0.8124322538692398,0.62527525,0.52814174,1.0099609,1.1569537,0.001674687825182102,5.419701699618453e-05
440,validation,1.2336598709713509,1.0292168,0.853696,1.7284039,2.1756554,0.012020898369753728,0.0018101803676725634
441,train,0.8431649113191867,0.62975085,0.51498455,1.0190752,1.2077647,0.0013495057232049948,9.21349288935137e-05
442,validation,1.1728066595700748,1.066892,0.82109904,1.5324379,2.0958922,0.003181364897676032,0.0098096600763094
443,train,1.1869002251413685,1.0303094,0.86551154,1.8016224,2.2030764,0.008297563302115852,0.0016042317030870621
444,train,1.1326013114868805,1.0221074,0.8279346,1.7155358,2.1343834,0.004200268817204301,0.003587842525147416
445,train,0.8172886095230174,0.5436891,0.47698906,0.90914583,1.0477008,0.002010709330558446,0.0001951092611862643
446,train,1.2584076283404908,1.0408019,0.8743776,1.8874571,2.38246,0.010508801595560181,0.006232656954561221
447,train,1.1623722391654423,0.9844187,0.8016224,1.5542091,1.9830538,0.010752688172043012,0.0019456729101630247
448,train,0.8603311440903787,0.76651263,0.6113613,1.1739807,1.4324647,0.0008075355532431495,0.0001625910509885536
449,validation,1.1070152654774903,0.97862726,0.76615053,1.462004,1.7686659,0.004568808532778356,0.0008129552549427679
450,train,1.2419856179232909,1.076949,0.8990605,1.879778,2.3272889,0.011603581338883107,0.0014253815469996531
451,train,0.7400728090131812,0.698355,0.54410267,1.096181,1.290033,0.00011381373569198752,7.04561220950399e-05
452,train,1.0466711314920751,0.884857,0.710144,1.389613,1.7388247,0.005034902878945543,0.001197754075615678
453,train,1.138672884155706,1.0040563,0.8302341,1.733991,2.187562,0.007733914325355532,0.0025851977107180023
454,validation,1.1414446373711822,0.9800573,0.77552027,1.482353,1.824568,0.010703910856746445,0.0006774627124523067
455,train,0.9363571972543472,0.8338657,0.6874635,1.4095988,1.7651638,0.0008237946583420048,0.0005799080818591745
456,validation,0.9097730485165147,0.84300447,0.6864797,1.3982418,1.6987864,0.002092004856052723,0.00011381373569198752
457,train,1.1887412781354638,0.9480138,0.7980504,1.6275637,2.1666064,0.010183619493583073,0.0034523499826569545
458,train,0.6338700537661737,0.5374724,0.42740378,0.87340623,1.0332547,0.00024930627818244884,5.419701699618453e-06
459,train,1.2395905050123073,1.1033268,0.8846255,1.8390808,2.3410883,0.005658168574401665,0.009153876170655568
460,train,0.87659256225831,0.8245904,0.6583552,1.3146851,1.5910681,0.0008834113770378078,0.0003793791189732917
